20141116080000;0;0.0;1.63;0
20141116080100;0;0.0;1.79;0
20141116080200;0;0.0;2.12;0
20141116080300;0;0.0;2.28;0
20141116080400;0;0.0;2.61;0
20141116080500;0;0.0;2.85;0
20141116080600;0;0.0;3.1;0
20141116080700;0;0.0;3.26;0
20141116080800;0;0.0;3.5;0
20141116080900;0;0.0;3.58;0
20141116081000;0;0.0;3.58;0
20141116081100;0;0.0;3.58;0
20141116081200;0;0.0;3.67;0
20141116081300;0;0.0;3.67;0
20141116081400;0;0.0;3.83;0
20141116081500;0;0.0;3.91;0
20141116081600;0;0.0;4.16;0
20141116081700;0;0.0;4.32;0
20141116081800;0;0.0;4.56;0
20141116081900;0;0.0;4.64;0
20141116082000;0;0.0;4.89;0
20141116082100;0;0.0;1.63;6
20141116082200;0;0.0;1.79;6
20141116082300;0;0.0;1.87;6
20141116082400;0;0.0;2.04;6
20141116082500;0;0.0;2.2;6
20141116082600;0;0.0;2.2;6
20141116082700;0;0.0;2.28;6
20141116082800;0;0.0;2.44;6
20141116082900;0;0.0;2.53;6
20141116083000;0;0.0;2.85;6
20141116083100;0;0.0;3.1;6
20141116083200;0;0.0;3.26;6
20141116083300;0;0.0;3.75;6
20141116083400;0;0.0;4.24;6
20141116083500;0;0.02;4.16;6
20141116083600;0;0.02;4.64;6
20141116083700;0;0.02;4.73;6
20141116083800;0;0.02;5.05;6
20141116083900;0;0.03;5.13;6
20141116084000;0;0.02;5.21;6
20141116084100;0;0.03;5.46;6
20141116084200;0;0.02;5.3;6
20141116084300;0;0.03;5.54;6
20141116084400;0;0.05;6.19;6
20141116084500;0;0.05;6.19;6
20141116084600;0;0.06;6.27;6
20141116084700;0;0.06;6.68;6
20141116084800;1;0.06;19.8;0
20141116084900;1;0.06;20.29;0
20141116085000;1;0.08;21.1;0
20141116085100;2;0.1;22.0;0
20141116085200;2;0.1;22.4;0
20141116085300;3;0.14;24.36;0
20141116085400;3;0.14;24.69;0
20141116085500;4;0.16;25.01;0
20141116085600;4;0.16;25.5;0
20141116085700;3;0.14;25.66;0
20141116085800;5;0.19;27.05;0
20141116085900;5;0.21;27.54;0
20141116090000;5;0.19;27.78;0
20141116090100;5;0.21;28.19;0
20141116090200;5;0.21;28.43;0
20141116090300;5;0.19;28.76;0
20141116090400;6;0.24;29.0;0
20141116090500;6;0.22;28.35;0
20141116090600;5;0.21;28.03;0
20141116090700;5;0.19;27.78;0
20141116090800;4;0.18;27.78;0
20141116090900;6;0.22;29.09;0
20141116091000;6;0.24;28.92;0
20141116091100;6;0.21;29.41;0
20141116091200;6;0.22;29.74;0
20141116091300;9;0.29;31.53;0
20141116091400;8;0.27;31.45;0
20141116091500;8;0.27;32.1;0
20141116091600;8;0.26;31.61;0
20141116091700;8;0.27;30.96;0
20141116091800;9;0.3;31.04;0
20141116091900;7;0.24;31.04;0
20141116092000;8;0.27;32.43;0
20141116092100;10;0.32;32.75;0
20141116092200;12;0.35;36.34;0
20141116092300;13;0.37;36.66;0
20141116092400;15;0.38;39.43;0
20141116092500;21;0.5;42.77;0
20141116092600;22;0.51;43.67;0
20141116092700;16;0.42;38.45;0
20141116092800;11;0.32;35.52;0
20141116092900;13;0.37;36.66;0
20141116093000;15;0.4;38.62;0
20141116093100;16;0.42;38.94;0
20141116093200;17;0.45;39.68;0
20141116093300;17;0.42;41.55;0
20141116093400;20;0.48;43.02;0
20141116093500;24;0.53;46.36;0
20141116093600;30;0.64;48.23;0
20141116093700;33;0.66;51.41;0
20141116093800;39;0.72;55.4;0
20141116093900;41;0.74;55.89;0
20141116094000;49;0.82;59.96;0
20141116094100;57;0.9;64.28;0
20141116094200;58;0.91;64.28;0
20141116094300;60;0.93;65.42;0
20141116094400;76;1.06;72.43;0
20141116094500;71;1.03;69.9;0
20141116094600;64;0.96;66.81;0
20141116094700;112;1.31;85.38;0
20141116094800;138;1.47;93.69;0
20141116094900;108;1.31;82.61;0
20141116095000;91;1.17;78.21;0
20141116095100;131;1.44;91.33;0
20141116095200;159;1.6;99.64;0
20141116095300;188;1.78;106.16;0
20141116095400;123;1.39;88.4;0
20141116095500;144;1.52;94.91;0
20141116095600;115;1.35;86.12;0
20141116095700;97;1.22;80.17;0
20141116095800;82;1.11;74.47;0
20141116095900;48;0.8;60.04;0
20141115100000;19;0.46;42.37;0
20141115100100;19;0.45;42.77;0
20141115100200;21;0.5;43.02;0
20141115100300;20;0.46;43.1;0
20141115100400;21;0.5;43.51;0
20141115100500;22;0.51;43.99;0
20141115100600;23;0.53;44.65;0
20141115100700;23;0.51;44.97;0
20141115100800;23;0.51;45.38;0
20141115100900;25;0.55;46.03;0
20141115101000;26;0.58;46.52;0
20141115101100;24;0.53;46.93;0
20141115101200;25;0.55;47.09;0
20141115101300;26;0.56;47.17;0
20141115101400;27;0.58;47.25;0
20141115101500;27;0.59;47.17;0
20141115101600;26;0.56;46.6;0
20141115101700;26;0.56;46.36;0
20141115101800;24;0.53;46.36;0
20141115101900;25;0.55;46.44;0
20141115102000;25;0.55;46.44;0
20141115102100;25;0.56;46.28;0
20141115102200;23;0.51;45.62;0
20141115102300;22;0.5;44.48;0
20141115102400;20;0.48;43.67;0
20141115102500;24;0.53;45.62;0
20141115102600;31;0.63;49.7;0
20141115102700;33;0.66;51.49;0
20141115102800;35;0.67;52.14;0
20141115102900;36;0.69;52.88;0
20141115103000;33;0.64;52.39;0
20141115103100;36;0.69;52.39;0
20141115103200;35;0.67;52.14;0
20141115103300;35;0.67;52.47;0
20141115103400;35;0.67;52.71;0
20141115103500;38;0.72;53.36;0
20141115103600;39;0.72;54.75;0
20141115103700;40;0.74;54.91;0
20141115103800;39;0.71;55.73;0
20141115103900;37;0.69;55.08;0
20141115104000;43;0.75;57.44;0
20141115104100;46;0.8;57.76;0
20141115104200;47;0.8;59.47;0
20141115104300;49;0.82;60.7;0
20141115104400;49;0.82;59.96;0
20141115104500;54;0.88;61.76;0
20141115104600;57;0.9;63.79;0
20141115104700;59;0.93;64.44;0
20141115104800;60;0.91;66.32;0
20141115104900;60;0.91;65.83;0
20141115105000;64;0.96;66.56;0
20141115105100;65;0.98;66.81;0
20141115105200;63;0.96;66.24;0
20141115105300;64;0.95;67.87;0
20141115105400;65;0.96;67.87;0
20141115105500;69;1.01;68.93;0
20141115105600;70;1.01;69.33;0
20141115105700;68;0.99;68.68;0
20141115105800;65;0.98;67.13;0
20141115105900;64;0.96;66.73;0
20141114164500;0;0.0;0.0;2
20141114164600;0;0.0;0.0;2
20141114164700;0;0.0;0.0;2
20141114164800;0;0.0;0.0;2
20141114164900;0;0.0;0.0;2
20141114165000;0;0.0;0.0;2
20141114165100;0;0.0;0.0;2
20141114165200;0;0.0;0.0;2
20141114165300;0;0.0;0.0;2
20141114165400;0;0.0;0.0;2
20141114165500;0;0.0;0.0;2
20141114165600;0;0.0;0.0;2
20141114165700;0;0.0;0.0;2
20141114165800;0;0.0;0.0;2
20141114165900;0;0.0;0.0;2
20141115110000;67;0.99;67.95;0
20141115110100;62;0.95;66.32;0
20141115110200;62;0.95;66.16;0
20141115110300;64;0.98;66.07;0
20141115110400;60;0.93;65.18;0
20141115110500;61;0.93;66.16;0
20141115110600;60;0.93;65.01;0
20141115110700;56;0.88;64.2;0
20141115110800;57;0.9;63.87;0
20141115110900;60;0.93;64.93;0
20141115111000;64;0.96;66.97;0
20141115111100;61;0.93;66.16;0
20141115111200;56;0.9;63.3;0
20141115111300;59;0.91;65.01;0
20141115111400;56;0.88;64.44;0
20141115111500;62;0.95;66.32;0
20141115111600;64;0.96;66.64;0
20141115111700;63;0.95;67.62;0
20141115111800;57;0.9;63.96;0
20141115111900;56;0.88;63.79;0
20141115112000;59;0.91;64.93;0
20141115112100;61;0.93;65.99;0
20141115112200;66;0.98;67.62;0
20141115112300;58;0.91;63.79;0
20141115112400;57;0.9;64.2;0
20141115112500;64;0.96;67.13;0
20141115112600;61;0.95;65.01;0
20141115112700;62;0.95;65.99;0
20141115112800;70;1.01;69.66;0
20141115112900;70;1.01;69.98;0
20141115113000;65;0.96;68.19;0
20141115113100;74;1.04;71.04;0
20141115113200;76;1.06;72.18;0
20141115113300;75;1.04;72.35;0
20141115113400;71;1.03;69.82;0
20141115113500;74;1.04;71.78;0
20141115113600;85;1.14;75.12;0
20141115113700;80;1.09;73.57;0
20141115113800;80;1.11;73.08;0
20141115113900;83;1.12;74.63;0
20141115114000;82;1.11;74.95;0
20141115114100;87;1.14;76.5;0
20141115114200;94;1.2;78.7;0
20141115114300;93;1.19;78.7;0
20141115114400;80;1.09;74.3;0
20141115114500;80;1.09;73.65;0
20141115114600;88;1.15;76.5;0
20141115114700;100;1.23;81.06;0
20141115114800;100;1.23;81.15;0
20141115114900;98;1.22;80.58;0
20141115115000;98;1.23;79.6;0
20141115115100;104;1.28;81.55;0
20141115115200;110;1.3;84.89;0
20141115115300;105;1.28;82.45;0
20141115115400;101;1.25;80.98;0
20141115115500;105;1.28;82.04;0
20141115115600;104;1.28;81.47;0
20141115115700;99;1.23;80.74;0
20141115115800;113;1.33;85.3;0
20141115115900;109;1.31;83.51;0
20141114170000;0;0.0;0.0;2
20141114170100;0;0.0;0.0;2
20141114170200;0;0.0;0.0;2
20141114170300;0;0.0;0.0;2
20141114170400;0;0.0;0.0;2
20141114170500;0;0.0;0.0;2
20141114170600;0;-0.02;0.0;2
20141114170700;0;0.0;0.0;2
20141114170800;0;0.0;0.0;2
20141114170900;0;-0.02;0.0;2
20141114171000;0;0.0;0.0;2
20141114171100;0;0.0;0.0;2
20141114171200;0;0.0;0.0;2
20141114171300;0;0.0;0.0;2
20141114171400;0;0.0;0.0;2
20141114171500;0;0.0;0.0;2
20141114171600;0;0.0;0.0;2
20141114171700;0;0.0;0.0;2
20141114171800;0;0.0;0.0;2
20141114171900;0;0.0;0.0;2
20141114172000;0;0.0;0.0;2
20141114172100;0;0.0;0.0;2
20141114172200;0;0.0;0.0;2
20141114172300;0;0.0;0.0;2
20141114172400;0;0.0;0.0;2
20141114172500;0;0.0;0.0;2
20141114172600;0;0.0;0.0;2
20141114172700;0;0.0;0.0;2
20141114172800;0;0.0;0.0;2
20141114172900;0;0.0;0.0;2
20141114173000;0;0.0;0.0;2
20141114173100;0;0.0;0.0;2
20141114173200;0;0.0;0.0;2
20141114173300;0;0.0;0.0;2
20141114173400;0;0.0;0.0;2
20141114173500;0;0.0;0.0;2
20141114173600;0;0.0;0.0;2
20141114173700;0;0.0;0.0;2
20141114173800;0;0.0;0.0;2
20141114173900;0;0.0;0.0;2
20141114174000;0;0.0;0.0;2
20141114174100;0;0.0;0.0;2
20141114174200;0;0.0;0.0;2
20141114174300;0;0.0;0.0;2
20141114174400;0;0.0;0.0;2
20141114174500;0;0.0;0.0;2
20141114174600;0;0.0;0.0;2
20141114174700;0;0.0;0.0;2
20141114174800;0;0.0;0.0;2
20141114174900;0;0.0;0.0;2
20141114175000;0;0.0;0.0;2
20141114175100;0;0.0;0.0;2
20141114175200;0;0.0;0.0;2
20141114175300;0;0.0;0.0;2
20141114175400;0;0.0;0.0;2
20141114175500;0;0.0;0.0;2
20141114175600;0;0.0;0.0;2
20141114175700;0;-0.02;0.0;2
20141114175800;0;0.0;0.0;2
20141114175900;0;0.0;0.0;2
20141115120000;100;1.23;81.31;0
20141115120100;95;1.2;79.84;0
20141115120200;105;1.28;82.21;0
20141115120300;96;1.22;79.03;0
20141115120400;99;1.23;80.33;0
20141115120500;102;1.25;81.96;0
20141115120600;91;1.17;78.21;0
20141115120700;83;1.11;75.36;0
20141115120800;87;1.15;76.01;0
20141115120900;92;1.2;77.07;0
20141115121000;86;1.14;75.69;0
20141115121100;79;1.09;73.16;0
20141115121200;82;1.11;74.14;0
20141115121300;92;1.17;78.78;0
20141115121400;98;1.22;80.82;0
20141115121500;86;1.12;76.99;0
20141115121600;83;1.12;74.47;0
20141115121700;88;1.15;76.42;0
20141115121800;92;1.19;77.97;0
20141115121900;83;1.12;74.47;0
20141115122000;77;1.07;72.1;0
20141115122100;78;1.07;72.84;0
20141115122200;78;1.06;74.22;0
20141115122300;71;1.01;70.39;0
20141115122400;66;0.96;68.84;0
20141115122500;62;0.95;66.16;0
20141115122600;59;0.91;65.26;0
20141115122700;57;0.9;64.28;0
20141115122800;49;0.82;60.7;0
20141115122900;48;0.82;59.88;0
20141115123000;44;0.75;58.42;0
20141115123100;45;0.79;58.09;0
20141115123200;48;0.82;59.07;0
20141115123300;47;0.8;58.74;0
20141115123400;46;0.8;58.25;0
20141115123500;42;0.75;56.54;0
20141115123600;44;0.77;57.36;0
20141115123700;44;0.77;57.68;0
20141115123800;43;0.77;56.38;0
20141115123900;46;0.8;57.68;0
20141115124000;42;0.75;56.38;0
20141115124100;41;0.74;56.05;0
20141115124200;39;0.72;54.83;0
20141115124300;38;0.72;54.02;0
20141115124400;38;0.71;54.18;0
20141115124500;40;0.74;55.16;0
20141115124600;40;0.72;56.54;0
20141115124700;44;0.77;57.52;0
20141115124800;39;0.72;55.24;0
20141115124900;35;0.69;51.73;0
20141115125000;32;0.66;49.94;0
20141115125100;30;0.61;49.78;0
20141115125200;32;0.64;50.76;0
20141115125300;29;0.59;49.94;0
20141115125400;29;0.61;48.88;0
20141115125500;32;0.64;50.11;0
20141115125600;36;0.69;53.2;0
20141115125700;32;0.64;51.08;0
20141115125800;30;0.61;50.19;0
20141115125900;32;0.64;50.43;0
20141114180000;0;0.0;0.0;2
20141114180100;0;0.0;0.0;2
20141114180200;0;0.0;0.0;2
20141114180300;0;0.0;0.0;2
20141114180400;0;0.0;0.0;2
20141114180500;0;0.0;0.0;2
20141114180600;0;0.0;0.0;2
20141114180700;0;0.0;0.0;2
20141114180800;0;-0.02;0.0;2
20141114180900;0;0.0;0.0;2
20141114181000;0;0.0;0.0;2
20141114181100;0;0.0;0.0;2
20141114181200;0;0.0;0.0;2
20141114181300;0;0.0;0.0;2
20141114181400;0;0.0;0.0;2
20141114181500;0;0.0;0.0;2
20141114181600;0;0.0;0.0;2
20141114181700;0;0.0;0.0;2
20141114181800;0;0.0;0.0;2
20141114181900;0;-0.02;0.0;2
20141114182000;0;0.0;0.0;2
20141114182100;0;0.0;0.0;2
20141114182200;0;0.0;0.0;2
20141114182300;0;0.0;0.0;2
20141114182400;0;0.0;0.0;2
20141114182500;0;-0.02;0.0;2
20141114182600;0;0.0;0.0;2
20141114182700;0;0.0;0.0;2
20141114182800;0;-0.02;0.0;2
20141114182900;0;-0.02;0.0;2
20141114183000;0;-0.02;0.0;2
20141114183100;0;0.0;0.0;2
20141114183200;0;0.0;0.0;2
20141114183300;0;0.0;0.0;2
20141114183400;0;0.02;0.0;2
20141114183500;0;0.0;0.0;2
20141114183600;0;0.0;0.0;2
20141114183700;0;0.0;0.0;2
20141114183800;0;0.0;0.0;2
20141114183900;0;0.0;0.0;2
20141114184000;0;0.0;0.0;2
20141114184100;0;0.0;0.0;2
20141114184200;0;0.0;0.0;2
20141114184300;0;0.0;0.0;2
20141114184400;0;-0.02;0.0;2
20141114184500;0;0.0;0.0;2
20141114184600;0;0.0;0.0;2
20141114184700;0;0.0;0.0;2
20141114184800;0;0.0;0.0;2
20141114184900;0;0.0;0.0;2
20141114185000;0;-0.02;0.0;2
20141114185100;0;0.0;0.16;2
20141114185200;0;0.0;0.0;2
20141114185300;0;0.0;0.0;2
20141114185400;0;0.0;0.08;2
20141114185500;0;0.0;0.08;2
20141114185600;0;0.0;0.08;2
20141114185700;0;0.0;0.0;2
20141114185800;0;0.0;0.16;2
20141114185900;0;0.0;0.16;2
20141115130000;34;0.67;51.0;0
20141115130100;31;0.63;50.11;0
20141115130200;27;0.58;48.31;0
20141115130300;28;0.59;48.48;0
20141115130400;26;0.56;47.74;0
20141115130500;26;0.58;45.3;0
20141115130600;21;0.48;44.16;0
20141115130700;20;0.48;43.18;0
20141115130800;20;0.48;42.28;0
20141115130900;18;0.45;41.22;0
20141115131000;16;0.42;39.19;0
20141115131100;13;0.35;37.8;0
20141115131200;15;0.4;37.56;0
20141115131300;12;0.35;36.34;0
20141115131400;14;0.38;36.5;0
20141115131500;13;0.35;36.91;0
20141115131600;14;0.38;37.15;0
20141115131700;13;0.37;35.93;0
20141115131800;13;0.37;37.97;0
20141115131900;14;0.37;38.05;0
20141115132000;14;0.38;38.21;0
20141115132100;14;0.38;38.62;0
20141115132200;14;0.38;37.64;0
20141115132300;15;0.4;37.8;0
20141115132400;15;0.4;38.37;0
20141115132500;14;0.38;37.72;0
20141115132600;13;0.37;36.34;0
20141115132700;12;0.35;36.5;0
20141115132800;11;0.34;35.11;0
20141115132900;10;0.3;33.81;0
20141115133000;9;0.29;33.81;0
20141115133100;10;0.3;33.57;0
20141115133200;10;0.3;33.73;0
20141115133300;9;0.29;33.0;0
20141115133400;8;0.27;32.67;0
20141115133500;9;0.29;32.51;0
20141115133600;8;0.27;31.61;0
20141115133700;9;0.3;32.02;0
20141115133800;8;0.27;31.61;0
20141115133900;9;0.29;32.59;0
20141115134000;8;0.27;32.26;0
20141115134100;9;0.29;32.51;0
20141115134200;8;0.26;31.69;0
20141115134300;7;0.24;31.61;0
20141115134400;7;0.24;30.71;0
20141115134500;6;0.22;29.09;0
20141115134600;6;0.22;29.25;0
20141115134700;8;0.27;30.88;0
20141115134800;7;0.24;29.17;0
20141115134900;6;0.22;29.41;0
20141115135000;5;0.18;28.84;0
20141115135100;4;0.18;27.94;0
20141115135200;5;0.21;28.03;0
20141115135300;5;0.19;27.37;0
20141115135400;4;0.18;26.32;0
20141115135500;3;0.14;25.91;0
20141115135600;4;0.16;25.83;0
20141115135700;3;0.14;24.77;0
20141115135800;3;0.14;24.77;0
20141115135900;3;0.14;24.12;0
20141114190000;0;0.0;0.0;2
20141114190100;0;0.0;0.24;2
20141114190200;0;0.0;0.0;2
20141114190300;0;0.0;0.41;2
20141114190400;0;0.0;0.33;2
20141114190500;0;0.0;0.0;2
20141114190600;0;0.0;0.0;2
20141114190700;0;0.0;0.16;2
20141114190800;0;0.0;0.0;2
20141114190900;0;0.0;0.24;2
20141114191000;0;0.0;0.0;2
20141114191100;0;0.0;0.0;2
20141114191200;0;0.0;0.16;2
20141114191300;0;0.0;0.08;2
20141114191400;0;0.0;0.16;2
20141114191500;0;0.0;0.0;2
20141114191600;0;0.0;0.0;2
20141114191700;0;0.0;0.08;2
20141114191800;0;0.0;0.08;2
20141114191900;0;0.0;0.16;2
20141114192000;0;0.0;0.24;2
20141114192100;0;0.0;0.0;2
20141114192200;0;0.0;0.0;2
20141114192300;0;0.0;0.08;2
20141114192400;0;0.0;0.08;2
20141114192500;0;0.0;0.0;2
20141114192600;0;0.0;0.0;2
20141114192700;0;0.0;0.16;2
20141114192800;0;0.0;0.0;2
20141114192900;0;0.0;0.0;2
20141114193000;0;0.0;0.0;2
20141114193100;0;0.0;0.0;2
20141114193200;0;0.0;0.0;2
20141114193300;0;0.0;0.0;2
20141114193400;0;0.0;0.0;2
20141114193500;0;0.0;0.0;2
20141114193600;0;0.0;0.0;2
20141114193700;0;0.0;0.0;2
20141114193800;0;0.0;0.0;2
20141114193900;0;0.0;0.0;2
20141114194000;0;0.0;0.0;2
20141114194100;0;0.0;0.0;2
20141114194200;0;0.0;0.0;2
20141114194300;0;0.0;0.0;2
20141114194400;0;0.0;0.0;2
20141114194500;0;-0.02;0.0;2
20141114194600;0;-0.02;0.0;2
20141114194700;0;0.0;0.0;2
20141114194800;0;0.0;0.0;2
20141114194900;0;0.0;0.0;2
20141114195000;0;0.0;0.0;2
20141114195100;0;0.0;0.0;2
20141114195200;0;0.0;0.0;2
20141114195300;0;0.0;0.0;2
20141114195400;0;0.0;0.0;2
20141114195500;0;0.0;0.0;2
20141114195600;0;0.0;0.0;2
20141114195700;0;0.0;0.0;2
20141114195800;0;-0.02;0.0;2
20141114195900;0;0.0;0.0;2
20141115140000;3;0.13;24.03;0
20141115140100;4;0.16;25.34;0
20141115140200;4;0.18;26.56;0
20141115140300;4;0.16;26.4;0
20141115140400;4;0.18;27.05;0
20141115140500;6;0.21;28.92;0
20141115140600;6;0.22;30.06;0
20141115140700;7;0.24;30.47;0
20141115140800;8;0.27;31.53;0
20141115140900;9;0.29;32.34;0
20141115141000;11;0.32;34.79;0
20141115141100;11;0.32;35.44;0
20141115141200;14;0.38;37.15;0
20141115141300;15;0.42;38.21;0
20141115141400;14;0.38;38.29;0
20141115141500;13;0.37;37.31;0
20141115141600;14;0.38;36.99;0
20141115141700;14;0.38;37.07;0
20141115141800;13;0.35;36.99;0
20141115141900;12;0.35;36.5;0
20141115142000;14;0.38;36.83;0
20141115142100;13;0.37;36.91;0
20141115142200;12;0.35;36.09;0
20141115142300;13;0.35;37.07;0
20141115142400;12;0.35;35.77;0
20141115142500;10;0.32;34.14;0
20141115142600;11;0.34;35.6;0
20141115142700;11;0.32;34.95;0
20141115142800;11;0.34;34.95;0
20141115142900;10;0.3;34.06;0
20141115143000;10;0.3;34.06;0
20141115143100;10;0.32;33.65;0
20141115143200;9;0.3;32.75;0
20141115143300;9;0.29;33.08;0
20141115143400;11;0.34;34.63;0
20141115143500;9;0.29;33.16;0
20141115143600;9;0.29;32.75;0
20141115143700;9;0.29;32.02;0
20141115143800;7;0.26;30.14;0
20141115143900;7;0.24;30.31;0
20141115144000;7;0.24;29.74;0
20141115144100;5;0.19;27.46;0
20141115144200;4;0.16;25.91;0
20141115144300;3;0.14;24.6;0
20141115144400;4;0.16;25.01;0
20141115144500;3;0.14;24.77;0
20141115144600;3;0.13;23.63;0
20141115144700;2;0.1;23.55;0
20141115144800;3;0.13;23.55;0
20141115144900;3;0.13;23.46;0
20141115145000;2;0.1;23.22;0
20141115145100;3;0.13;23.79;0
20141115145200;2;0.11;23.79;0
20141115145300;3;0.13;23.87;0
20141115145400;2;0.13;23.22;0
20141115145500;2;0.11;22.49;0
20141115145600;2;0.11;23.14;0
20141115145700;2;0.11;23.38;0
20141115145800;2;0.1;22.32;0
20141115145900;2;0.1;22.08;0
20141115150000;2;0.1;21.59;0
20141115150100;2;0.1;21.75;0
20141115150200;1;0.08;21.26;0
20141115150300;1;0.08;20.04;0
20141115150400;1;0.06;19.15;0
20141115150500;1;0.06;18.9;0
20141115150600;0;0.05;18.49;0
20141115150700;0;0.05;18.82;0
20141115150800;0;0.05;18.33;0
20141115150900;0;0.05;17.92;0
20141115151000;0;0.05;17.92;0
20141115151100;0;0.03;17.6;0
20141115151200;0;0.03;17.6;0
20141115151300;0;0.05;17.44;0
20141115151400;0;0.03;17.03;0
20141115151500;0;0.02;16.38;0
20141115151600;0;0.02;16.21;0
20141115151700;0;0.03;15.72;0
20141115151800;0;0.02;15.32;0
20141115151900;0;0.02;15.15;0
20141115152000;0;0.02;15.24;0
20141115152100;0;0.02;14.66;0
20141115152200;0;0.02;14.18;0
20141115152300;0;0.0;13.77;0
20141115152400;0;0.0;12.87;0
20141115152500;0;0.0;12.22;0
20141115152600;0;0.0;11.41;0
20141115152700;0;-0.02;3.5;4
20141115152800;0;-0.02;3.42;4
20141115152900;0;-0.02;3.26;4
20141115153000;0;-0.02;3.1;4
20141115153100;0;-0.02;2.93;4
20141115153200;0;0.0;2.85;4
20141115153300;0;0.0;2.61;4
20141115153400;0;0.0;2.36;4
20141115153500;0;0.0;2.2;4
20141115153600;0;0.0;1.96;4
20141115153700;0;0.0;1.79;4
20141115153800;0;0.0;1.71;4
20141115153900;0;0.0;1.63;4
20141115154000;0;-0.02;1.55;4
20141115154100;0;0.0;1.39;4
20141115154200;0;0.0;1.3;4
20141115154300;0;0.0;1.3;4
20141115154400;0;0.0;1.3;4
20141115154500;0;0.0;1.22;4
20141115154600;0;0.0;1.22;4
20141115154700;0;0.0;1.14;4
20141115154800;0;0.0;1.14;4
20141115154900;0;-0.02;1.06;4
20141115155000;0;0.0;1.14;4
20141115155100;0;0.0;1.14;4
20141115155200;0;0.0;1.14;4
20141115155300;0;0.0;1.22;4
20141115155400;0;0.0;1.3;4
20141115155500;0;0.0;1.3;4
20141115155600;0;0.0;1.3;4
20141115155700;0;0.0;1.22;4
20141115155800;0;0.0;1.14;4
20141115155900;0;0.0;1.06;4
20141116100000;58;0.91;63.96;0
20141116100100;64;0.95;67.95;0
20141116100200;72;1.03;70.96;0
20141116100300;61;0.95;64.53;0
20141116100400;83;1.11;75.85;0
20141116100500;87;1.15;75.77;0
20141116100600;95;1.2;79.35;0
20141116100700;107;1.28;84.08;0
20141116100800;77;1.06;73.57;0
20141116100900;75;1.06;71.7;0
20141116101000;83;1.11;75.2;0
20141116101100;129;1.43;91.0;0
20141116101200;173;1.68;102.98;0
20141116101300;182;1.72;106.16;0
20141116101400;175;1.68;104.53;0
20141116101500;227;1.96;116.42;0
20141116101600;234;1.99;117.81;0
20141116101700;318;2.34;136.22;0
20141116101800;339;2.44;139.24;0
20141116101900;349;2.47;141.6;0
20141116102000;439;2.77;158.46;0
20141116102100;605;3.29;184.13;0
20141116102200;544;3.11;175.0;0
20141116102300;855;3.94;217.04;0
20141116102400;953;4.17;228.77;0
20141116102500;1270;4.84;262.5;0
20141116102600;1347;4.99;270.24;0
20141116102700;1333;4.94;270.16;0
20141116102800;1317;4.92;267.8;0
20141116102900;1383;5.05;273.99;0
20141116103000;1399;5.05;277.17;0
20141116103100;1368;5.02;272.77;0
20141116103200;1351;4.99;271.06;0
20141116103300;1318;4.92;267.88;0
20141116103400;1372;5.02;273.58;0
20141116103500;1388;5.05;274.97;0
20141116103600;1395;5.07;275.46;0
20141116103700;1803;8.27;218.02;1
20141116103800;1471;5.21;282.55;2
20141116103900;1823;8.3;219.65;1
20141116104000;2174;9.07;239.69;1
20141116104100;1801;8.27;217.77;1
20141116104200;1216;4.71;258.1;0
20141116104300;3330;12.63;263.64;0
20141116104400;1096;7.18;152.68;0
20141116104500;441;4.47;98.74;0
20141116104600;425;4.38;97.28;0
20141116104700;505;4.79;105.42;0
20141116104800;489;4.73;103.55;0
20141116104900;525;4.92;106.73;0
20141116105000;1405;5.11;274.81;2
20141116105100;2973;10.68;278.55;1
20141116105200;3007;10.72;280.43;2
20141116105300;2212;9.18;240.91;1
20141116105400;2921;10.58;276.19;2
20141116105500;3371;14.01;240.67;6
20141116105600;1253;4.79;261.61;0
20141116105700;1190;4.66;255.17;0
20141116105800;1141;4.58;248.9;0
20141116105900;1081;4.46;242.79;0
20141115160000;0;0.0;0.98;4
20141115160100;0;-0.02;0.81;4
20141115160200;0;-0.02;0.65;4
20141115160300;0;-0.02;0.57;4
20141115160400;0;-0.02;0.41;4
20141115160500;0;0.0;0.41;4
20141115160600;0;-0.02;0.33;4
20141115160700;0;0.0;0.33;4
20141115160800;0;0.0;0.24;4
20141115160900;0;0.0;0.16;4
20141115161000;0;-0.02;0.33;4
20141115161100;0;0.0;0.08;4
20141115161200;0;-0.02;0.08;4
20141115161300;0;-0.02;0.08;4
20141115161400;0;0.0;0.08;4
20141115161500;0;0.0;0.08;4
20141115161600;0;0.0;0.08;4
20141115161700;0;0.0;0.0;4
20141115161800;0;0.0;0.0;4
20141115161900;0;0.0;0.0;4
20141115162000;0;0.0;0.0;4
20141115162100;0;0.0;0.0;4
20141115162200;0;0.0;0.0;4
20141115162300;0;0.0;0.0;4
20141115162400;0;0.0;0.0;4
20141115162500;0;0.0;0.0;4
20141115162600;0;-0.02;0.0;4
20141115162700;0;0.0;0.0;4
20141115162800;0;0.0;0.0;4
20141115162900;0;0.0;0.0;4
20141115163000;0;0.0;0.0;4
20141115163100;0;0.0;0.0;4
20141115163200;0;0.0;0.0;4
20141115163300;0;0.0;0.0;4
20141115163400;0;0.0;0.0;4
20141115163500;0;0.0;0.0;4
20141115163600;0;0.0;0.0;4
20141115163700;0;0.0;0.0;4
20141115163800;0;0.0;0.0;4
20141115163900;0;0.0;0.0;4
20141115164000;0;-0.02;0.0;4
20141115164100;0;-0.02;0.0;4
20141115164200;0;0.0;0.0;4
20141115164300;0;0.0;0.0;4
20141115164400;0;-0.02;0.0;4
20141115164500;0;0.0;0.0;4
20141115164600;0;0.0;0.0;4
20141115164700;0;0.0;0.0;4
20141115164800;0;0.0;0.0;4
20141115164900;0;0.0;0.0;4
20141115165000;0;0.0;0.0;4
20141115165100;0;0.0;0.0;4
20141115165200;0;-0.02;0.0;4
20141115165300;0;-0.02;0.0;4
20141115165400;0;0.0;0.0;4
20141115165500;0;0.0;0.0;4
20141115165600;0;0.0;0.0;4
20141115165700;0;-0.02;0.0;4
20141115165800;0;-0.02;0.0;4
20141115165900;0;0.0;0.0;4
20141116110000;1088;4.47;243.44;0
20141116110100;2412;9.63;250.45;2
20141116110200;2599;9.94;261.61;1
20141116110300;2630;10.02;262.58;2
20141116110400;4031;15.29;263.64;6
20141116110500;1244;4.79;259.57;0
20141116110600;1502;7.53;199.44;1
20141116110700;1243;4.78;260.22;0
20141116110800;1183;4.68;252.81;0
20141116110900;1078;4.46;242.05;0
20141116111000;966;4.18;231.05;0
20141116111100;949;4.17;227.88;0
20141116111200;1363;5.02;271.79;0
20141116111300;1157;4.6;251.5;0
20141116111400;1138;4.57;249.3;0
20141116111500;1207;4.71;256.15;0
20141116111600;1269;4.82;263.07;0
20141116111700;1321;4.92;268.61;0
20141116111800;1395;5.07;275.46;0
20141116111900;2595;9.92;261.61;1
20141116112000;3111;10.88;285.89;2
20141116112100;5569;22.28;249.96;5
20141116112200;2748;10.23;268.78;2
20141116112300;2581;9.91;260.63;2
20141116112400;1291;4.87;264.95;0
20141116112500;5205;21.51;241.97;5
20141116112600;1449;7.42;195.37;1
20141116112700;3617;14.49;249.63;4
20141116112800;2981;10.68;279.29;3
20141116112900;5748;22.59;254.52;5
20141116113000;6025;23.15;260.3;5
20141116113100;2193;9.14;240.1;2
20141116113200;3850;14.97;257.21;6
20141116113300;1988;8.67;229.26;1
20141116113400;1601;7.77;206.04;1
20141116113500;2706;10.15;266.74;2
20141116113600;6007;23.11;259.9;5
20141116113700;6000;23.08;259.98;5
20141116113800;6422;26.21;245.07;11
20141116113900;6304;25.98;242.62;11
20141116114000;3834;16.13;237.82;3
20141116114100;5729;22.55;254.03;5
20141116114200;5916;22.92;258.1;5
20141116114300;5803;22.71;255.5;5
20141116114400;5811;22.73;255.66;5
20141116114500;5877;22.86;257.13;5
20141116114600;5836;22.78;256.23;5
20141116114700;5666;22.44;252.48;5
20141116114800;5812;22.73;255.74;5
20141116114900;5760;22.63;254.52;5
20141116115000;5677;22.47;252.64;5
20141116115100;5768;22.65;254.68;5
20141116115200;5737;22.57;254.19;5
20141116115300;5793;22.7;255.25;5
20141116115400;5749;22.62;254.19;5
20141116115500;5372;21.86;245.72;5
20141116115600;6105;25.57;238.79;11
20141116115700;5912;25.18;234.8;11
20141116115800;5893;25.15;234.31;11
20141116115900;3164;13.56;233.34;6
20141115170000;0;-0.02;0.0;4
20141115170100;0;0.0;0.0;4
20141115170200;0;-0.02;0.0;4
20141115170300;0;0.0;0.0;4
20141115170400;0;0.0;0.0;4
20141115170500;0;-0.02;0.0;4
20141115170600;0;-0.02;0.0;4
20141115170700;0;0.0;0.0;4
20141115170800;0;0.0;0.0;4
20141115170900;0;-0.02;0.0;4
20141115171000;0;0.0;0.0;4
20141115171100;0;0.0;0.0;4
20141115171200;0;0.0;0.0;4
20141115171300;0;-0.02;0.0;4
20141115171400;0;0.0;0.0;4
20141115171500;0;0.0;0.0;4
20141115171600;0;0.0;0.0;4
20141115171700;0;0.0;0.0;4
20141115171800;0;-0.02;0.0;4
20141115171900;0;0.0;0.0;4
20141115172000;0;0.0;0.0;4
20141115172100;0;-0.02;0.0;4
20141115172200;0;0.0;0.0;4
20141115172300;0;0.0;0.0;4
20141115172400;0;0.0;0.0;4
20141115172500;0;0.0;0.0;4
20141115172600;0;0.0;0.0;4
20141115172700;0;0.0;0.0;4
20141115172800;0;0.0;0.0;4
20141115172900;0;0.0;0.0;4
20141115173000;0;-0.02;0.0;4
20141115173100;0;-0.02;0.0;4
20141115173200;0;0.0;0.0;4
20141115173300;0;0.0;0.0;4
20141115173400;0;-0.02;0.0;4
20141115173500;0;0.0;0.0;4
20141115173600;0;-0.02;0.0;4
20141115173700;0;0.0;0.0;4
20141115173800;0;0.0;0.0;4
20141115173900;0;0.0;0.0;4
20141115174000;0;0.0;0.0;4
20141115174100;0;-0.02;0.0;4
20141115174200;0;0.0;0.0;4
20141115174300;0;-0.02;0.0;4
20141115174400;0;0.0;0.0;4
20141115174500;0;-0.02;0.0;4
20141115174600;0;-0.02;0.0;4
20141115174700;0;-0.02;0.0;4
20141115174800;0;-0.02;0.0;4
20141115174900;0;0.0;0.0;4
20141115175000;0;0.0;0.0;4
20141115175100;0;-0.02;0.0;4
20141115175200;0;0.0;0.0;4
20141115175300;0;0.0;0.0;4
20141115175400;0;-0.02;0.0;4
20141115175500;0;0.0;0.0;4
20141115175600;0;0.0;0.0;4
20141115175700;0;-0.02;0.0;4
20141115175800;0;0.0;0.0;4
20141115175900;0;-0.02;0.0;4
20141116120000;4216;18.13;232.6;7
20141116120100;5147;21.42;240.34;5
20141116120200;4637;19.01;243.93;7
20141116120300;5431;22.01;246.78;5
20141116120400;6279;26.14;240.18;10
20141116120500;6110;25.79;236.92;10
20141116120600;6033;25.62;235.54;10
20141116120700;5985;25.54;234.4;10
20141116120800;6218;26.03;238.88;10
20141116120900;6348;26.29;241.48;10
20141116121000;6338;26.26;241.4;10
20141116121100;6326;26.22;241.24;10
20141116121200;6328;26.22;241.32;10
20141116121300;6297;26.18;240.59;10
20141116121400;5512;22.17;248.65;5
20141116121500;6158;25.89;237.9;10
20141116121600;6068;25.7;236.19;10
20141116121700;6219;26.0;239.2;10
20141116121800;5932;25.21;235.29;11
20141116121900;6084;25.55;238.14;11
20141116122000;6019;25.39;237.08;11
20141116122100;5897;25.13;234.64;11
20141116122200;5647;24.59;229.67;11
20141116122300;5595;24.49;228.45;11
20141116122400;5393;21.91;246.13;5
20141116122500;5404;21.94;246.29;5
20141116122600;5387;21.88;246.21;5
20141116122700;5304;21.7;244.42;5
20141116122800;5229;21.56;242.54;5
20141116122900;5404;21.93;246.45;5
20141116123000;5378;21.88;245.8;5
20141116123100;5398;21.91;246.37;5
20141116123200;5398;21.91;246.37;5
20141116123300;5396;21.9;246.45;5
20141116123400;5392;21.9;246.29;5
20141116123500;5286;21.69;243.76;5
20141116123600;5327;21.78;244.58;5
20141116123700;5150;21.42;240.51;5
20141116123800;5361;21.83;245.56;5
20141116123900;5247;21.59;243.03;5
20141116124000;5271;21.64;243.6;5
20141116124100;5287;21.7;243.6;5
20141116124200;5267;21.64;243.44;5
20141116124300;4463;19.91;224.21;5
20141116124400;4756;20.57;231.3;5
20141116124500;3412;14.07;242.46;6
20141116124600;5058;21.21;238.55;5
20141116124700;5111;21.32;239.77;5
20141116124800;5035;21.14;238.14;5
20141116124900;5121;21.35;239.85;5
20141116125000;5210;21.5;242.38;5
20141116125100;5199;21.51;241.73;5
20141116125200;5186;21.48;241.48;5
20141116125300;4924;20.93;235.21;5
20141116125400;5037;21.18;237.9;5
20141116125500;4905;20.89;234.88;5
20141116125600;5073;21.22;239.04;5
20141116125700;1849;8.4;220.14;1
20141116125800;2821;10.39;271.63;5
20141116125900;4806;20.68;232.44;5
20141115180000;0;-0.02;0.0;4
20141115180100;0;0.0;0.0;4
20141115180200;0;-0.02;0.0;4
20141115180300;0;0.0;0.0;4
20141115180400;0;0.0;0.0;4
20141115180500;0;-0.05;0.0;4
20141115180600;0;-0.02;0.0;4
20141115180700;0;-0.02;0.0;4
20141115180800;0;0.0;0.0;4
20141115180900;0;0.0;0.0;4
20141115181000;0;0.0;0.0;4
20141115181100;0;0.0;0.0;4
20141115181200;0;-0.02;0.0;4
20141115181300;0;0.0;0.0;4
20141115181400;0;0.0;0.0;4
20141115181500;0;-0.02;0.0;4
20141115181600;0;0.0;0.0;4
20141115181700;0;-0.02;0.0;4
20141115181800;0;-0.02;0.0;4
20141115181900;0;-0.02;0.0;4
20141115182000;0;0.0;0.0;4
20141115182100;0;0.0;0.0;4
20141115182200;0;-0.02;0.0;4
20141115182300;0;-0.02;0.0;4
20141115182400;0;0.0;0.0;4
20141115182500;0;-0.02;0.0;4
20141115182600;0;0.0;0.0;4
20141115182700;0;0.0;0.0;4
20141115182800;0;0.0;0.0;4
20141115182900;0;0.0;0.0;4
20141115183000;0;-0.02;0.0;4
20141115183100;0;0.0;0.0;4
20141115183200;0;-0.02;0.0;4
20141115183300;0;-0.02;0.0;4
20141115183400;0;0.0;0.0;4
20141115183500;0;-0.02;0.0;4
20141115183600;0;0.0;0.0;4
20141115183700;0;-0.02;0.0;4
20141115183800;0;0.0;0.0;4
20141115183900;0;0.0;0.0;4
20141115184000;0;-0.02;0.0;4
20141115184100;0;0.0;0.0;4
20141115184200;0;-0.05;0.0;4
20141115184300;0;-0.02;0.0;4
20141115184400;0;0.0;0.0;4
20141115184500;0;0.0;0.0;4
20141115184600;0;0.0;0.0;4
20141115184700;0;-0.02;0.0;4
20141115184800;0;0.0;0.0;4
20141115184900;0;-0.02;0.0;4
20141115185000;0;-0.02;0.0;4
20141115185100;0;-0.02;0.0;4
20141115185200;0;0.0;0.0;4
20141115185300;0;0.0;0.0;4
20141115185400;0;-0.02;0.0;4
20141115185500;0;0.0;0.0;4
20141115185600;0;0.0;0.0;4
20141115185700;0;0.0;0.0;4
20141115185800;0;0.0;0.0;4
20141115185900;0;0.0;0.0;4
20141116130000;4852;20.77;233.58;5
20141116130100;4112;17.92;229.51;7
20141116130200;4776;20.61;231.71;5
20141116130300;5123;21.37;239.77;5
20141116130400;4916;20.9;235.21;5
20141116130500;4979;21.05;236.59;5
20141116130600;4938;20.95;235.7;5
20141116130700;5006;21.09;237.33;5
20141116130800;5037;21.18;237.9;5
20141116130900;4941;20.97;235.7;5
20141116131000;4941;20.95;235.86;5
20141116131100;4920;20.92;235.21;5
20141116131200;4867;20.82;233.74;5
20141116131300;4799;20.66;232.28;5
20141116131400;4797;20.66;232.2;5
20141116131500;4801;20.68;232.2;5
20141116131600;4753;20.57;231.14;5
20141116131700;4813;20.69;232.6;5
20141116131800;4711;20.47;230.16;5
20141116131900;4833;20.74;233.01;5
20141116132000;4727;20.5;230.57;5
20141116132100;4774;20.61;231.63;5
20141116132200;4682;20.39;229.67;5
20141116132300;4735;20.52;230.81;5
20141116132400;4645;20.34;228.37;5
20141116132500;4679;20.41;229.34;5
20141116132600;4596;20.21;227.39;5
20141116132700;4598;20.18;227.88;5
20141116132800;4574;20.18;226.66;5
20141116132900;4561;20.15;226.41;5
20141116133000;4476;19.97;224.13;5
20141116133100;4387;19.75;222.17;5
20141116133200;4237;19.43;218.1;5
20141116133300;4378;19.76;221.52;5
20141116133400;4213;19.36;217.61;5
20141116133500;4271;19.49;219.16;5
20141116133600;4012;18.9;212.32;5
20141116133700;1429;5.16;276.92;0
20141116133800;4096;16.65;245.96;3
20141116133900;3469;15.31;226.66;2
20141116134000;2285;9.33;244.99;1
20141116134100;2641;12.37;213.46;4
20141116134200;3251;13.74;236.68;6
20141116134300;1798;8.24;218.35;1
20141116134400;1917;8.56;223.97;1
20141116134500;1310;7.04;186.25;1
20141116134600;1346;4.99;270.16;1
20141116134700;2257;9.28;243.19;2
20141116134800;1337;4.95;270.08;0
20141116134900;944;4.15;227.55;0
20141116135000;1193;4.65;256.72;0
20141116135100;1142;4.58;249.22;0
20141116135200;1273;4.86;262.26;0
20141116135300;1244;4.78;260.55;0
20141116135400;1629;7.87;207.1;1
20141116135500;1371;5.02;273.34;0
20141116135600;899;4.06;221.85;0
20141116135700;1178;4.65;253.54;0
20141116135800;1338;4.97;269.43;0
20141116135900;1454;5.18;280.83;2
20141115190000;0;0.0;0.0;4
20141115190100;0;0.0;0.0;4
20141115190200;0;0.0;0.0;4
20141115190300;0;-0.02;0.0;4
20141115190400;0;0.0;0.0;4
20141115190500;0;0.0;0.0;4
20141115190600;0;-0.02;0.0;4
20141115190700;0;-0.02;0.0;4
20141115190800;0;0.0;0.0;4
20141115190900;0;0.0;0.0;4
20141115191000;0;0.0;0.0;4
20141115191100;0;0.0;0.0;4
20141115191200;0;0.0;0.0;4
20141115191300;0;-0.02;0.0;4
20141115191400;0;0.0;0.0;4
20141115191500;0;0.0;0.0;4
20141115191600;0;0.0;0.0;4
20141115191700;0;-0.02;0.0;4
20141115191800;0;0.0;0.0;4
20141115191900;0;-0.02;0.0;4
20141115192000;0;-0.02;0.0;4
20141115192100;0;-0.02;0.0;4
20141115192200;0;-0.02;0.0;4
20141115192300;0;0.0;0.0;4
20141115192400;0;0.0;0.0;4
20141115192500;0;0.0;0.0;4
20141115192600;0;0.0;0.0;4
20141115192700;0;-0.02;0.0;4
20141115192800;0;-0.02;0.0;4
20141115192900;0;-0.02;0.0;4
20141115193000;0;-0.02;0.0;4
20141115193100;0;0.0;0.0;4
20141115193200;0;-0.02;0.0;4
20141115193300;0;-0.03;0.0;4
20141115193400;0;-0.02;0.0;4
20141115193500;0;-0.02;0.0;4
20141115193600;0;0.0;0.0;4
20141115193700;0;0.0;0.0;4
20141115193800;0;0.0;0.0;4
20141115193900;0;-0.02;0.0;4
20141115194000;0;-0.02;0.0;4
20141115194100;0;0.0;0.0;4
20141115194200;0;0.0;0.0;4
20141115194300;0;-0.02;0.0;4
20141115194400;0;-0.02;0.0;4
20141115194500;0;-0.02;0.0;4
20141115194600;0;0.0;0.0;4
20141115194700;0;0.0;0.0;4
20141115194800;0;0.0;0.0;4
20141115194900;0;-0.02;0.0;4
20141115195000;0;0.0;0.0;4
20141115195100;0;0.0;0.0;4
20141115195200;0;0.0;0.0;4
20141115195300;0;0.0;0.0;4
20141115195400;0;0.0;0.0;4
20141115195500;0;-0.02;0.0;4
20141115195600;0;0.0;0.0;4
20141115195700;0;0.0;0.0;4
20141115195800;0;0.0;0.0;4
20141115195900;0;0.0;0.0;4
20141116140000;2358;9.47;248.98;2
20141116140100;2821;10.39;271.63;2
20141116140200;2810;10.34;271.79;2
20141116140300;2815;10.36;271.87;2
20141116140400;2650;10.05;263.73;2
20141116140500;2717;10.18;266.98;2
20141116140600;2546;9.84;258.76;2
20141116140700;1976;8.66;228.37;1
20141116140800;1812;8.29;218.67;1
20141116140900;1354;7.13;189.83;1
20141116141000;1658;7.92;209.38;1
20141116141100;1317;4.92;267.8;0
20141116141200;1211;4.71;257.13;0
20141116141300;1112;4.5;247.02;0
20141116141400;979;4.23;231.38;0
20141116141500;666;3.46;192.6;0
20141116141600;482;2.93;164.49;0
20141116141700;338;2.42;139.72;0
20141116141800;242;2.02;120.01;0
20141116141900;284;2.21;128.81;0
20141116142000;282;2.2;128.64;0
20141116142100;253;2.08;121.47;0
20141116142200;265;2.12;125.3;0
20141116142300;166;1.65;100.62;0
20141116142400;146;1.54;95.32;0
20141116142500;157;1.6;98.26;0
20141116142600;146;1.52;96.14;0
20141116142700;132;1.44;91.82;0
20141116142800;118;1.36;87.26;0
20141116142900;107;1.28;83.67;0
20141116143000;98;1.23;79.52;0
20141116143100;87;1.14;76.75;0
20141116143200;85;1.12;75.85;0
20141116143300;88;1.15;76.91;0
20141116143400;92;1.19;77.64;0
20141116143500;78;1.07;73.49;0
20141116143600;87;1.15;75.85;0
20141116143700;86;1.14;75.93;0
20141116143800;106;1.28;82.86;0
20141116143900;91;1.19;77.32;0
20141116144000;90;1.17;77.15;0
20141116144100;93;1.19;78.62;0
20141116144200;86;1.14;75.93;0
20141116144300;89;1.17;76.26;0
20141116144400;80;1.09;73.41;0
20141116144500;77;1.07;72.27;0
20141116144600;74;1.06;70.39;0
20141116144700;71;1.03;70.15;0
20141116144800;71;1.01;70.72;0
20141116144900;56;0.88;63.96;0
20141116145000;59;0.91;65.1;0
20141116145100;54;0.87;63.47;0
20141116145200;52;0.85;61.35;0
20141116145300;49;0.83;59.23;0
20141116145400;50;0.83;60.13;0
20141116145500;50;0.83;60.29;0
20141116145600;50;0.85;59.88;0
20141116145700;43;0.75;57.85;0
20141116145800;37;0.69;54.1;0
20141116145900;34;0.66;52.14;0
20141116150000;31;0.63;50.68;0
20141116150100;33;0.66;51.49;0
20141116150200;37;0.69;54.99;0
20141116150300;38;0.71;54.59;0
20141116150400;32;0.64;51.16;0
20141116150500;27;0.58;47.99;0
20141116150600;21;0.5;44.24;0
20141116150700;22;0.51;43.67;0
20141116150800;22;0.51;43.99;0
20141116150900;18;0.45;42.28;0
20141116151000;19;0.45;42.61;0
20141116151100;19;0.46;41.71;0
20141116151200;18;0.45;40.82;0
20141116151300;14;0.38;37.4;0
20141116151400;12;0.34;35.77;0
20141116151500;10;0.32;34.14;0
20141116151600;11;0.32;34.87;0
20141116151700;9;0.29;32.59;0
20141116151800;8;0.26;31.86;0
20141116151900;7;0.24;30.06;0
20141116152000;4;0.18;27.37;0
20141116152100;4;0.16;26.4;0
20141116152200;4;0.18;25.83;0
20141116152300;4;0.16;25.42;0
20141116152400;3;0.14;24.03;0
20141116152500;2;0.11;22.73;0
20141116152600;2;0.11;21.59;0
20141116152700;1;0.08;20.21;0
20141116152800;0;0.05;18.66;0
20141116152900;0;0.05;17.92;0
20141116153000;0;0.03;16.62;0
20141116153100;0;0.02;15.72;0
20141116153200;0;0.02;15.15;0
20141116153300;0;0.02;14.75;0
20141116153400;0;0.02;13.85;0
20141116153500;0;0.0;13.12;0
20141116153600;0;0.0;12.06;0
20141116153700;0;0.0;11.65;0
20141116153800;0;0.02;11.41;0
20141116153900;0;0.0;11.08;0
20141116154000;0;0.0;10.67;0
20141116154100;0;0.0;10.51;0
20141116154200;0;0.0;9.86;0
20141116154300;0;0.0;9.45;0
20141116154400;0;0.02;8.96;0
20141116154500;0;-0.02;8.39;0
20141116154600;0;0.0;7.98;0
20141116154700;0;0.0;7.66;0
20141116154800;0;0.0;7.17;0
20141116154900;0;0.0;6.68;0
20141116155000;0;0.0;6.19;0
20141116155100;0;0.0;5.62;0
20141116155200;0;0.0;5.21;0
20141116155300;0;0.0;4.89;0
20141116155400;0;-0.02;4.56;0
20141116155500;0;0.0;4.24;0
20141116155600;0;0.0;4.07;0
20141116155700;0;0.0;3.99;0
20141116155800;0;0.0;3.75;0
20141116155900;0;0.0;3.5;0
20141116160000;0;0.0;3.26;0
20141116160100;0;-0.02;2.93;0
20141116160200;0;0.0;2.69;0
20141116160300;0;0.0;2.53;0
20141116160400;0;0.0;2.2;0
20141116160500;0;0.0;2.04;0
20141116160600;0;0.0;1.79;0
20141116160700;0;0.0;1.55;0
20141116160800;0;0.0;1.39;0
20141116160900;0;0.0;1.3;0
20141116161000;0;0.0;1.14;0
20141116161100;0;0.0;1.06;0
20141116161200;0;0.0;0.98;0
20141116161300;0;0.0;0.81;0
20141116161400;0;0.0;0.73;0
20141116161500;0;0.0;0.65;0
20141116161600;0;0.0;0.49;0
20141116161700;0;0.0;0.49;0
20141116161800;0;0.0;0.41;0
20141116161900;0;0.0;0.33;0
20141116162000;0;0.0;0.24;0
20141116162100;0;0.0;0.24;0
20141116162200;0;0.0;0.24;0
20141116162300;0;0.0;0.16;0
20141116162400;0;0.0;0.08;0
20141116162500;0;0.0;0.08;0
20141116162600;0;0.0;0.08;0
20141116162700;0;0.0;0.08;0
20141116162800;0;0.0;0.08;0
20141116162900;0;0.0;0.0;0
20141116163000;0;0.0;0.0;0
20141116163100;0;0.0;0.0;0
20141116163200;0;0.0;0.0;0
20141116163300;0;0.0;0.0;0
20141116163400;0;0.0;0.0;0
20141116163500;0;0.0;0.0;0
20141116163600;0;0.0;0.0;0
20141116163700;0;0.0;0.0;0
20141116163800;0;-0.02;0.0;0
20141116163900;0;0.0;0.0;0
20141116164000;0;0.0;0.0;0
20141116164100;0;0.0;0.0;0
20141116164200;0;0.0;0.0;0
20141116164300;0;0.0;0.0;0
20141116164400;0;0.0;0.0;0
20141116164500;0;0.0;0.0;0
20141115000000;0;-0.02;0.0;2
20141115000100;0;0.0;0.0;2
20141115000200;0;-0.02;0.0;2
20141115000300;0;0.0;0.0;2
20141115000400;0;0.0;0.0;2
20141115000500;0;0.0;0.0;2
20141115000600;0;0.0;0.0;2
20141115000700;0;0.0;0.0;2
20141115000800;0;0.0;0.0;2
20141115000900;0;-0.02;0.0;2
20141115001000;0;0.0;0.0;2
20141115001100;0;0.0;0.0;2
20141115001200;0;0.0;0.0;2
20141115001300;0;0.0;0.0;2
20141115001400;0;0.0;0.0;2
20141115001500;0;0.0;0.0;2
20141115001600;0;0.0;0.0;2
20141115001700;0;0.0;0.0;2
20141115001800;0;0.0;0.0;2
20141115001900;0;0.0;0.0;2
20141114200000;0;0.0;0.0;2
20141114200100;0;0.0;0.0;2
20141115002000;0;0.0;0.0;2
20141114200200;0;0.0;0.0;2
20141115002100;0;0.0;0.0;2
20141114200300;0;0.0;0.0;2
20141115002200;0;0.0;0.0;2
20141114200400;0;0.0;0.0;2
20141115002300;0;0.0;0.0;2
20141114200500;0;0.0;0.0;2
20141115002400;0;0.0;0.0;2
20141114200600;0;0.0;0.0;2
20141115002500;0;0.0;0.0;2
20141114200700;0;0.0;0.0;2
20141115002600;0;-0.03;0.0;2
20141114200800;0;0.0;0.0;2
20141115002700;0;0.0;0.0;2
20141114200900;0;-0.02;0.0;2
20141115002800;0;0.0;0.0;2
20141115002900;0;0.0;0.0;2
20141114201000;0;0.0;0.0;2
20141114201100;0;0.0;0.0;2
20141115003000;0;0.0;0.0;2
20141114201200;0;0.0;0.16;2
20141115003100;0;0.0;0.0;2
20141114201300;0;0.0;0.0;2
20141115003200;0;-0.02;0.0;2
20141114201400;0;0.0;0.0;2
20141115003300;0;0.0;0.0;2
20141114201500;0;-0.02;0.0;2
20141115003400;0;0.0;0.0;2
20141114201600;0;0.0;0.0;2
20141115003500;0;0.0;0.0;2
20141114201700;0;0.0;0.0;2
20141115003600;0;0.0;0.16;2
20141114201800;0;0.0;0.0;2
20141115003700;0;0.0;0.0;2
20141114201900;0;0.0;0.0;2
20141115003800;0;0.0;0.0;2
20141115003900;0;0.0;0.0;2
20141114202000;0;0.0;0.0;2
20141114202100;0;0.0;0.0;2
20141115004000;0;-0.02;0.0;2
20141114202200;0;0.0;0.0;2
20141115004100;0;0.0;0.0;2
20141114202300;0;-0.02;0.0;2
20141115004200;0;0.0;0.0;2
20141114202400;0;-0.02;0.0;2
20141115004300;0;0.0;0.0;2
20141114202500;0;0.0;0.0;2
20141115004400;0;0.0;0.0;2
20141114202600;0;0.0;0.41;2
20141115004500;0;0.0;0.0;2
20141114202700;0;0.0;0.0;2
20141115004600;0;0.0;0.08;2
20141114202800;0;0.0;0.0;2
20141115004700;0;0.0;0.0;2
20141114202900;0;0.0;0.0;2
20141115004800;0;-0.02;0.0;2
20141115004900;0;0.0;0.0;2
20141114203000;0;0.0;0.0;2
20141114203100;0;0.0;0.0;2
20141115005000;0;0.0;0.0;2
20141114203200;0;0.0;0.0;2
20141115005100;0;0.0;0.0;2
20141114203300;0;0.0;0.0;2
20141115005200;0;0.0;0.0;2
20141114203400;0;0.0;0.0;2
20141115005300;0;-0.02;0.0;2
20141114203500;0;0.0;0.0;2
20141115005400;0;0.0;0.0;2
20141114203600;0;0.0;0.0;2
20141115005500;0;0.0;0.0;2
20141114203700;0;-0.02;0.0;2
20141115005600;0;-0.02;0.0;2
20141114203800;0;-0.02;0.0;2
20141115005700;0;0.0;0.0;2
20141114203900;0;0.0;0.0;2
20141115005800;0;0.0;0.0;2
20141115005900;0;0.0;0.0;2
20141114204000;0;0.0;0.0;2
20141114204100;0;0.0;0.0;2
20141114204200;0;-0.02;0.0;2
20141114204300;0;0.0;0.0;2
20141114204400;0;0.0;0.0;2
20141114204500;0;0.0;0.0;2
20141114204600;0;-0.02;0.0;2
20141114204700;0;0.0;0.0;2
20141114204800;0;0.0;0.0;2
20141114204900;0;0.0;0.0;2
20141114205000;0;0.0;0.0;2
20141114205100;0;-0.02;0.0;2
20141114205200;0;0.0;0.0;2
20141114205300;0;-0.02;0.0;2
20141114205400;0;0.0;0.0;2
20141114205500;0;0.0;0.0;2
20141114205600;0;0.0;0.0;2
20141114205700;0;0.0;0.0;2
20141114205800;0;-0.02;0.0;2
20141114205900;0;-0.02;0.0;2
20141115010000;0;0.0;0.0;2
20141115010100;0;-0.02;0.0;2
20141115010200;0;0.0;0.0;2
20141115010300;0;0.0;0.0;2
20141115010400;0;0.0;0.0;2
20141115010500;0;0.0;0.0;2
20141115010600;0;0.0;0.0;2
20141115010700;0;0.0;0.0;2
20141115010800;0;-0.02;0.0;2
20141115010900;0;0.0;0.08;2
20141115011000;0;0.0;0.0;2
20141115011100;0;-0.02;0.0;2
20141115011200;0;-0.02;0.0;2
20141115011300;0;-0.02;0.0;2
20141115011400;0;0.0;0.0;2
20141115011500;0;0.0;0.0;2
20141115011600;0;0.0;0.0;2
20141115011700;0;0.0;0.0;2
20141115011800;0;-0.02;0.08;2
20141115011900;0;-0.02;0.0;2
20141114210000;0;0.0;0.0;2
20141114210100;0;0.0;0.0;2
20141115012000;0;-0.02;0.0;2
20141114210200;0;-0.02;0.0;2
20141115012100;0;0.0;0.0;2
20141114210300;0;0.0;0.0;2
20141115012200;0;-0.02;0.0;2
20141114210400;0;-0.02;0.0;2
20141115012300;0;0.0;0.0;2
20141114210500;0;0.0;0.0;2
20141115012400;0;0.0;0.0;2
20141114210600;0;0.0;0.0;2
20141115012500;0;0.0;0.0;2
20141114210700;0;0.0;0.0;2
20141115012600;0;0.0;0.0;2
20141114210800;0;0.0;0.0;2
20141115012700;0;-0.02;0.0;2
20141114210900;0;0.0;0.0;2
20141115012800;0;0.0;0.0;2
20141115012900;0;0.0;0.0;2
20141114211000;0;-0.02;0.0;2
20141114211100;0;0.0;0.0;2
20141115013000;0;-0.02;0.0;2
20141114211200;0;0.0;0.0;2
20141115013100;0;-0.02;0.0;2
20141114211300;0;-0.02;0.0;2
20141115013200;0;-0.02;0.0;2
20141114211400;0;-0.02;0.0;2
20141115013300;0;0.0;0.0;2
20141114211500;0;0.0;0.0;2
20141115013400;0;0.0;0.0;2
20141114211600;0;0.0;0.0;2
20141115013500;0;0.0;0.0;2
20141114211700;0;0.0;0.0;2
20141115013600;0;0.0;0.0;2
20141114211800;0;0.0;0.0;2
20141115013700;0;0.0;0.0;2
20141114211900;0;0.0;0.0;2
20141115013800;0;0.0;0.0;2
20141115013900;0;0.0;0.0;2
20141114212000;0;0.0;0.0;2
20141114212100;0;0.0;0.0;2
20141115014000;0;0.0;0.0;2
20141114212200;0;0.0;0.0;2
20141115014100;0;0.0;0.0;2
20141114212300;0;0.0;0.0;2
20141115014200;0;0.0;0.0;2
20141114212400;0;0.0;0.0;2
20141115014300;0;0.0;0.0;2
20141114212500;0;0.0;0.0;2
20141115014400;0;0.0;0.0;2
20141114212600;0;0.0;0.0;2
20141115014500;0;0.0;0.0;2
20141114212700;0;0.0;0.0;2
20141115014600;0;0.0;0.0;2
20141114212800;0;0.0;0.0;2
20141115014700;0;0.0;0.0;2
20141114212900;0;0.0;0.0;2
20141115014800;0;-0.02;0.0;2
20141115014900;0;0.0;0.0;2
20141114213000;0;0.0;0.0;2
20141114213100;0;0.0;0.0;2
20141115015000;0;0.0;0.0;2
20141114213200;0;0.0;0.0;2
20141115015100;0;0.0;0.0;2
20141114213300;0;0.0;0.0;2
20141115015200;0;0.0;0.0;2
20141114213400;0;0.0;0.0;2
20141115015300;0;0.0;0.0;2
20141114213500;0;0.0;0.0;2
20141115015400;0;0.0;0.0;2
20141114213600;0;0.0;0.0;2
20141115015500;0;-0.02;0.0;2
20141114213700;0;0.0;0.0;2
20141115015600;0;0.0;0.0;2
20141114213800;0;0.0;0.0;2
20141115015700;0;0.0;0.0;2
20141114213900;0;0.0;0.0;2
20141115015800;0;0.0;0.0;2
20141115015900;0;0.0;0.0;2
20141114214000;0;0.0;0.0;2
20141114214100;0;0.0;0.0;2
20141114214200;0;0.0;0.0;2
20141114214300;0;0.0;0.0;2
20141114214400;0;0.0;0.0;2
20141114214500;0;0.0;0.0;2
20141114214600;0;0.0;0.0;2
20141114214700;0;0.0;0.0;2
20141114214800;0;0.0;0.0;2
20141114214900;0;0.0;0.0;2
20141114215000;0;0.0;0.0;2
20141114215100;0;0.0;0.0;2
20141114215200;0;0.0;0.0;2
20141114215300;0;0.0;0.0;2
20141114215400;0;0.0;0.0;2
20141114215500;0;-0.02;0.0;2
20141114215600;0;-0.02;0.0;2
20141114215700;0;-0.02;0.0;2
20141114215800;0;0.0;0.0;2
20141114215900;0;0.0;0.0;2
20141115020000;0;0.0;0.0;2
20141115020100;0;0.0;0.0;2
20141115020200;0;0.0;0.0;2
20141115020300;0;0.0;0.0;2
20141115020400;0;0.0;0.0;2
20141115020500;0;0.0;0.0;2
20141115020600;0;0.0;0.0;2
20141115020700;0;0.0;0.0;2
20141115020800;0;0.0;0.0;2
20141115020900;0;0.0;0.0;2
20141115021000;0;0.0;0.0;2
20141115021100;0;0.0;0.0;2
20141115021200;0;0.0;0.0;2
20141115021300;0;0.0;0.0;2
20141115021400;0;0.0;0.0;2
20141115021500;0;-0.02;0.0;2
20141115021600;0;0.0;0.0;2
20141115021700;0;0.0;0.0;2
20141115021800;0;0.0;0.0;2
20141115021900;0;0.0;0.0;2
20141114220000;0;0.0;0.0;2
20141114220100;0;0.0;0.0;2
20141115022000;0;-0.02;0.0;2
20141114220200;0;0.0;0.0;2
20141115022100;0;0.0;0.0;2
20141114220300;0;0.0;0.0;2
20141115022200;0;-0.02;0.0;2
20141114220400;0;0.0;0.0;2
20141115022300;0;0.0;0.0;2
20141114220500;0;0.0;0.0;2
20141115022400;0;0.0;0.0;2
20141114220600;0;0.0;0.0;2
20141115022500;0;0.0;0.0;2
20141114220700;0;0.0;0.08;2
20141115022600;0;0.0;0.0;2
20141114220800;0;-0.02;0.0;2
20141115022700;0;0.0;0.0;2
20141114220900;0;0.0;0.0;2
20141115022800;0;0.0;0.0;2
20141115022900;0;-0.02;0.0;2
20141114221000;0;0.0;0.0;2
20141114221100;0;0.0;0.0;2
20141115023000;0;0.0;0.0;2
20141114221200;0;0.0;0.0;2
20141115023100;0;-0.02;0.0;2
20141114221300;0;0.0;0.0;2
20141115023200;0;0.0;0.0;2
20141114221400;0;0.0;0.0;2
20141115023300;0;0.0;0.0;2
20141114221500;0;0.0;0.0;2
20141115023400;0;0.0;0.0;2
20141114221600;0;0.0;0.0;2
20141115023500;0;0.0;0.0;2
20141114221700;0;0.0;0.0;2
20141115023600;0;0.0;0.0;2
20141114221800;0;0.0;0.0;2
20141115023700;0;-0.02;0.0;2
20141114221900;0;0.0;0.0;2
20141115023800;0;0.0;0.0;2
20141115023900;0;0.0;0.0;2
20141114222000;0;0.0;0.0;2
20141114222100;0;0.0;0.0;2
20141115024000;0;0.0;0.0;2
20141114222200;0;0.0;0.0;2
20141115024100;0;0.0;0.0;2
20141114222300;0;0.0;0.0;2
20141115024200;0;0.0;0.0;2
20141114222400;0;0.0;0.0;2
20141115024300;0;0.0;0.0;2
20141114222500;0;0.0;0.0;2
20141115024400;0;0.0;0.0;2
20141114222600;0;0.0;0.0;2
20141115024500;0;0.0;0.0;2
20141114222700;0;0.0;0.0;2
20141115024600;0;0.02;0.0;2
20141114222800;0;-0.02;0.0;2
20141115024700;0;-0.02;0.0;2
20141114222900;0;0.0;0.0;2
20141115024800;0;0.0;0.0;2
20141115024900;0;0.0;0.0;2
20141114223000;0;0.0;0.0;2
20141114223100;0;0.0;0.0;2
20141115025000;0;0.0;0.0;2
20141114223200;0;0.0;0.0;2
20141115025100;0;0.0;0.0;2
20141114223300;0;0.0;0.16;2
20141115025200;0;0.0;0.0;2
20141114223400;0;-0.02;0.0;2
20141115025300;0;-0.02;0.0;2
20141114223500;0;0.0;0.0;2
20141115025400;0;-0.02;0.0;2
20141114223600;0;-0.02;0.0;2
20141115025500;0;-0.02;0.0;2
20141114223700;0;0.0;0.0;2
20141115025600;0;0.0;0.0;2
20141114223800;0;0.0;0.0;2
20141115025700;0;0.0;0.0;2
20141114223900;0;0.0;0.0;2
20141115025800;0;0.0;0.0;2
20141115025900;0;-0.03;0.0;2
20141114224000;0;0.0;0.0;2
20141114224100;0;-0.02;0.0;2
20141114224200;0;0.0;0.0;2
20141114224300;0;0.0;0.0;2
20141114224400;0;0.0;0.0;2
20141114224500;0;0.0;0.0;2
20141114224600;0;0.0;0.0;2
20141114224700;0;-0.03;0.0;2
20141114224800;0;0.0;0.0;2
20141114224900;0;-0.02;0.0;2
20141114225000;0;0.0;0.0;2
20141114225100;0;0.0;0.0;2
20141114225200;0;0.0;0.0;2
20141114225300;0;0.0;0.0;2
20141114225400;0;0.0;0.0;2
20141114225500;0;0.0;0.0;2
20141114225600;0;0.0;0.0;2
20141114225700;0;0.0;0.0;2
20141114225800;0;0.0;0.0;2
20141114225900;0;0.0;0.0;2
20141115030000;0;0.0;0.0;2
20141115030100;0;0.0;0.0;2
20141115030200;0;-0.02;0.0;2
20141115030300;0;0.0;0.0;2
20141115030400;0;0.0;0.0;2
20141115030500;0;0.0;0.0;2
20141115030600;0;0.0;0.0;2
20141115030700;0;0.0;0.0;2
20141115030800;0;-0.02;0.0;2
20141115030900;0;0.0;0.0;2
20141115031000;0;-0.02;0.0;2
20141115031100;0;0.0;0.0;2
20141115031200;0;0.0;0.0;2
20141115031300;0;0.0;0.0;2
20141115031400;0;0.0;0.0;2
20141115031500;0;0.0;0.0;2
20141115031600;0;-0.02;0.0;2
20141115031700;0;0.0;0.0;2
20141115031800;0;0.0;0.0;2
20141115031900;0;0.0;0.0;2
20141114230000;0;-0.02;0.0;2
20141114230100;0;0.0;0.0;2
20141115032000;0;-0.02;0.0;2
20141114230200;0;0.0;0.0;2
20141115032100;0;0.0;0.0;2
20141114230300;0;0.0;0.0;2
20141115032200;0;0.0;0.0;2
20141114230400;0;0.0;0.0;2
20141115032300;0;-0.02;0.0;2
20141114230500;0;0.0;0.0;2
20141115032400;0;-0.02;0.0;2
20141114230600;0;0.0;0.0;2
20141115032500;0;0.0;0.0;2
20141114230700;0;-0.02;0.0;2
20141115032600;0;0.0;0.0;2
20141114230800;0;-0.02;0.0;2
20141115032700;0;0.0;0.0;2
20141114230900;0;0.0;0.08;2
20141115032800;0;0.0;0.0;2
20141115032900;0;0.0;0.33;2
20141114231000;0;0.0;0.0;2
20141114231100;0;0.0;0.0;2
20141115033000;0;0.0;0.0;2
20141114231200;0;0.0;0.0;2
20141115033100;0;0.0;0.0;2
20141114231300;0;-0.02;0.0;2
20141115033200;0;0.0;0.0;2
20141114231400;0;0.0;0.0;2
20141115033300;0;0.0;0.0;2
20141114231500;0;0.0;0.0;2
20141115033400;0;-0.02;0.0;2
20141114231600;0;0.0;0.0;2
20141115033500;0;-0.02;0.0;2
20141114231700;0;-0.02;0.0;2
20141115033600;0;0.0;0.0;2
20141114231800;0;0.0;0.0;2
20141115033700;0;0.0;0.0;2
20141114231900;0;0.0;0.0;2
20141115033800;0;0.0;0.0;2
20141115033900;0;0.0;0.0;2
20141114232000;0;-0.02;0.0;2
20141114232100;0;0.0;0.0;2
20141115034000;0;0.0;0.0;2
20141114232200;0;0.0;0.0;2
20141115034100;0;-0.02;0.0;2
20141114232300;0;0.0;0.0;2
20141115034200;0;0.0;0.0;2
20141114232400;0;0.0;0.0;2
20141115034300;0;0.0;0.0;2
20141114232500;0;-0.02;0.0;2
20141115034400;0;-0.02;0.0;2
20141114232600;0;0.0;0.0;2
20141115034500;0;0.0;0.0;2
20141114232700;0;0.0;0.0;2
20141115034600;0;0.0;0.0;2
20141114232800;0;0.0;0.0;2
20141115034700;0;-0.02;0.0;2
20141114232900;0;0.0;0.0;2
20141115034800;0;0.0;0.08;2
20141115034900;0;0.0;0.0;2
20141114233000;0;0.0;0.0;2
20141114233100;0;0.0;0.0;2
20141115035000;0;0.0;0.0;2
20141114233200;0;0.0;0.0;2
20141115035100;0;0.0;0.08;2
20141114233300;0;0.0;0.0;2
20141115035200;0;0.0;0.16;2
20141114233400;0;0.0;0.0;2
20141115035300;0;0.0;0.0;2
20141114233500;0;0.0;0.0;2
20141115035400;0;0.0;0.0;2
20141114233600;0;-0.02;0.0;2
20141115035500;0;0.0;0.08;2
20141114233700;0;0.0;0.0;2
20141115035600;0;0.0;0.0;2
20141114233800;0;0.0;0.0;2
20141115035700;0;0.0;0.16;2
20141114233900;0;0.0;0.0;2
20141115035800;0;0.0;0.08;2
20141115035900;0;0.0;0.0;2
20141114234000;0;0.0;0.0;2
20141114234100;0;0.0;0.0;2
20141114234200;0;0.0;0.0;2
20141114234300;0;0.0;0.0;2
20141114234400;0;-0.02;0.0;2
20141114234500;0;-0.02;0.0;2
20141114234600;0;0.0;0.0;2
20141114234700;0;0.0;0.0;2
20141114234800;0;0.0;0.0;2
20141114234900;0;-0.02;0.0;2
20141114235000;0;-0.02;0.0;2
20141114235100;0;0.0;0.0;2
20141114235200;0;0.0;0.0;2
20141114235300;0;0.0;0.0;2
20141114235400;0;0.0;0.0;2
20141114235500;0;-0.02;0.0;2
20141114235600;0;0.0;0.0;2
20141114235700;0;0.0;0.0;2
20141114235800;0;0.0;0.0;2
20141114235900;0;0.0;0.0;2
20141115040000;0;0.0;0.0;2
20141115040100;0;0.0;0.0;2
20141115040200;0;0.0;0.08;2
20141115040300;0;0.0;0.0;2
20141115040400;0;0.0;0.08;2
20141115040500;0;0.0;0.0;2
20141115040600;0;0.0;0.0;2
20141115040700;0;0.0;0.08;2
20141115040800;0;0.0;0.0;2
20141115040900;0;-0.02;0.0;2
20141115041000;0;0.0;0.0;2
20141115041100;0;-0.02;0.0;2
20141115041200;0;0.0;0.0;2
20141115041300;0;0.0;0.0;2
20141115041400;0;0.0;0.0;2
20141115041500;0;0.0;0.0;2
20141115041600;0;-0.02;0.0;2
20141115041700;0;0.0;0.0;2
20141115041800;0;0.0;0.0;2
20141115041900;0;0.0;0.0;2
20141115042000;0;-0.02;0.0;2
20141115042100;0;0.0;0.0;2
20141115042200;0;-0.02;0.0;2
20141115042300;0;-0.02;0.0;2
20141115042400;0;0.0;0.0;2
20141115042500;0;0.0;0.0;2
20141115042600;0;0.0;0.0;2
20141115042700;0;0.0;0.0;2
20141115042800;0;0.0;0.0;2
20141115042900;0;0.0;0.0;2
20141115043000;0;0.0;0.0;2
20141115043100;0;0.0;0.0;2
20141115043200;0;0.0;0.08;2
20141115043300;0;0.0;0.0;2
20141115043400;0;0.0;0.0;2
20141115043500;0;0.0;0.0;2
20141115043600;0;0.0;0.0;2
20141115043700;0;0.0;0.0;2
20141115043800;0;-0.02;0.0;2
20141115043900;0;-0.02;0.0;2
20141115044000;0;-0.02;0.0;2
20141115044100;0;0.0;0.0;2
20141115044200;0;0.0;0.0;2
20141115044300;0;-0.02;0.0;2
20141115044400;0;0.0;0.0;2
20141115044500;0;0.0;0.0;2
20141115044600;0;0.0;0.0;2
20141115044700;0;0.0;0.0;2
20141115044800;0;0.0;0.0;2
20141115044900;0;0.0;0.0;2
20141115045000;0;-0.02;0.0;2
20141115045100;0;-0.02;0.0;2
20141115045200;0;0.0;0.0;2
20141115045300;0;-0.02;0.0;2
20141115045400;0;0.0;0.0;2
20141115045500;0;0.0;0.0;2
20141115045600;0;0.0;0.0;2
20141115045700;0;0.0;0.0;2
20141115045800;0;-0.02;0.0;2
20141115045900;0;0.0;0.0;2
20141115050000;0;-0.02;0.0;2
20141115050100;0;0.0;0.0;2
20141115050200;0;-0.02;0.0;2
20141115050300;0;-0.02;0.0;2
20141115050400;0;0.0;0.0;2
20141115050500;0;0.0;0.0;2
20141115050600;0;0.0;0.0;2
20141115050700;0;0.0;0.0;2
20141115050800;0;0.0;0.0;2
20141115050900;0;0.0;0.0;2
20141115051000;0;0.0;0.16;2
20141115051100;0;0.0;0.0;2
20141115051200;0;0.0;0.0;2
20141115051300;0;0.0;0.0;2
20141115051400;0;0.0;0.0;2
20141115051500;0;0.0;0.24;2
20141115051600;0;-0.02;0.08;2
20141115051700;0;0.0;0.0;2
20141115051800;0;0.0;0.0;2
20141115051900;0;0.0;0.08;2
20141115052000;0;-0.02;0.0;2
20141115052100;0;0.0;0.0;2
20141115052200;0;0.0;0.0;2
20141115052300;0;0.0;0.08;2
20141115052400;0;0.0;0.08;2
20141115052500;0;0.0;0.0;2
20141115052600;0;0.0;0.0;2
20141115052700;0;0.0;0.16;2
20141115052800;0;0.0;0.0;2
20141115052900;0;0.0;0.0;2
20141115053000;0;0.0;0.0;2
20141115053100;0;0.0;0.0;2
20141115053200;0;0.0;0.0;2
20141115053300;0;0.0;0.0;2
20141115053400;0;0.0;0.16;2
20141115053500;0;-0.02;0.0;2
20141115053600;0;0.0;0.0;2
20141115053700;0;0.0;0.0;2
20141115053800;0;0.0;0.0;2
20141115053900;0;-0.02;0.0;2
20141115054000;0;0.0;0.0;2
20141115054100;0;0.0;0.0;2
20141115054200;0;0.0;0.16;2
20141115054300;0;-0.02;0.0;2
20141115054400;0;-0.02;0.08;2
20141115054500;0;0.0;0.0;2
20141115054600;0;0.0;0.0;2
20141115054700;0;0.0;0.0;2
20141115054800;0;0.0;0.0;2
20141115054900;0;0.0;0.0;2
20141115055000;0;0.0;0.0;2
20141115055100;0;0.0;0.0;2
20141115055200;0;0.0;0.0;2
20141115055300;0;0.0;0.0;2
20141115055400;0;0.0;0.0;2
20141115055500;0;0.0;0.0;2
20141115055600;0;0.0;0.41;2
20141115055700;0;0.0;0.0;2
20141115055800;0;0.0;0.0;2
20141115055900;0;-0.02;0.0;2
20141116000000;0;0.0;0.0;0
20141116000100;0;0.0;0.0;0
20141116000200;0;0.0;0.0;0
20141116000300;0;0.0;0.0;0
20141116000400;0;0.0;0.0;0
20141116000500;0;0.0;0.0;0
20141116000600;0;-0.02;0.0;0
20141116000700;0;0.0;0.0;0
20141116000800;0;0.0;0.0;0
20141116000900;0;-0.02;0.0;0
20141116001000;0;0.0;0.0;0
20141116001100;0;0.0;0.0;0
20141116001200;0;0.0;0.0;0
20141116001300;0;0.0;0.0;0
20141116001400;0;0.0;0.0;0
20141116001500;0;-0.02;0.0;0
20141116001600;0;0.0;0.0;0
20141116001700;0;0.0;0.0;0
20141116001800;0;0.0;0.0;0
20141116001900;0;0.0;0.0;0
20141115200000;0;-0.02;0.0;4
20141115200100;0;0.0;0.0;4
20141116002000;0;0.0;0.0;0
20141115200200;0;0.0;0.0;4
20141116002100;0;0.0;0.0;0
20141115200300;0;0.0;0.0;4
20141116002200;0;0.0;0.0;0
20141115200400;0;0.0;0.0;4
20141116002300;0;0.0;0.0;0
20141115200500;0;0.0;0.0;4
20141116002400;0;0.0;0.0;0
20141115200600;0;0.0;0.0;4
20141116002500;0;0.0;0.0;0
20141115200700;0;-0.02;0.0;4
20141116002600;0;0.0;0.0;0
20141115200800;0;0.0;0.0;4
20141116002700;0;0.0;0.0;0
20141115200900;0;0.0;0.0;4
20141116002800;0;0.0;0.0;0
20141116002900;0;0.0;0.0;0
20141115201000;0;0.0;0.0;4
20141115201100;0;0.0;0.0;4
20141116003000;0;0.0;0.0;0
20141115201200;0;-0.02;0.0;4
20141116003100;0;0.0;0.0;0
20141115201300;0;-0.02;0.0;4
20141116003200;0;0.0;0.0;0
20141115201400;0;0.0;0.0;4
20141116003300;0;0.0;0.0;0
20141115201500;0;0.0;0.0;4
20141116003400;0;0.0;0.0;0
20141115201600;0;0.0;0.0;4
20141116003500;0;0.0;0.0;0
20141115201700;0;0.0;0.0;4
20141116003600;0;0.0;0.0;0
20141115201800;0;0.0;0.0;4
20141116003700;0;0.0;0.0;0
20141115201900;0;-0.02;0.0;4
20141116003800;0;0.0;0.0;0
20141116003900;0;0.0;0.0;0
20141115202000;0;0.0;0.0;4
20141115202100;0;0.0;0.0;4
20141116004000;0;0.0;0.0;0
20141115202200;0;-0.02;0.0;4
20141116004100;0;0.0;0.08;0
20141115202300;0;0.0;0.0;4
20141116004200;0;0.0;0.0;0
20141115202400;0;0.0;0.0;4
20141116004300;0;0.0;0.0;0
20141115202500;0;0.0;0.0;0
20141116004400;0;0.0;0.0;0
20141115202600;0;-0.02;0.0;0
20141116004500;0;0.0;0.0;0
20141115202700;0;-0.02;0.0;0
20141116004600;0;0.0;0.0;0
20141115202800;0;-0.02;0.0;0
20141116004700;0;0.0;0.0;0
20141115202900;0;0.0;0.0;0
20141116004800;0;0.0;0.0;0
20141116004900;0;0.0;0.0;0
20141115203000;0;0.0;0.0;0
20141115203100;0;0.0;0.0;0
20141116005000;0;0.0;0.0;0
20141115203200;0;0.0;0.0;0
20141116005100;0;0.0;0.0;0
20141115203300;0;0.0;0.0;0
20141116005200;0;0.0;0.0;0
20141115203400;0;0.0;0.0;0
20141116005300;0;0.0;0.0;0
20141115203500;0;0.0;0.0;0
20141116005400;0;0.0;0.0;0
20141115203600;0;0.0;0.0;0
20141116005500;0;0.0;0.0;0
20141115203700;0;0.0;0.0;0
20141116005600;0;0.0;0.0;0
20141115203800;0;0.0;0.0;0
20141116005700;0;0.0;0.0;0
20141115203900;0;-0.02;0.0;0
20141116005800;0;0.0;0.0;0
20141116005900;0;0.0;0.0;0
20141115204000;0;0.0;0.0;0
20141115204100;0;0.0;0.0;0
20141115204200;0;-0.02;0.0;0
20141115204300;0;-0.02;0.0;0
20141115204400;0;0.0;0.0;0
20141115204500;0;0.0;0.0;0
20141115204600;0;0.0;0.0;0
20141115204700;0;-0.02;0.0;0
20141115204800;0;-0.02;0.0;0
20141115204900;0;-0.02;0.0;0
20141115205000;0;-0.02;0.0;0
20141115205100;0;0.0;0.0;0
20141115205200;0;-0.02;0.0;0
20141115205300;0;0.0;0.0;0
20141115205400;0;0.0;0.0;0
20141115205500;0;0.0;0.0;0
20141115205600;0;0.0;0.0;0
20141115205700;0;0.0;0.0;0
20141115205800;0;0.0;0.0;0
20141115205900;0;0.0;0.0;0
20141115060000;0;0.0;0.0;2
20141115060100;0;-0.02;0.0;2
20141115060200;0;0.0;0.0;2
20141115060300;0;0.0;0.0;2
20141115060400;0;-0.02;0.0;2
20141115060500;0;0.0;0.0;2
20141115060600;0;0.0;0.0;2
20141115060700;0;0.0;0.0;2
20141115060800;0;0.0;0.0;2
20141115060900;0;0.0;0.0;2
20141115061000;0;0.0;0.0;2
20141115061100;0;-0.02;0.0;2
20141115061200;0;0.0;0.0;2
20141115061300;0;0.0;0.0;2
20141115061400;0;0.0;0.0;2
20141115061500;0;0.0;0.0;2
20141115061600;0;0.0;0.0;2
20141115061700;0;0.0;0.0;2
20141115061800;0;0.0;0.0;2
20141115061900;0;0.0;0.0;2
20141115062000;0;0.0;0.0;2
20141115062100;0;0.0;0.0;2
20141115062200;0;0.0;0.0;2
20141115062300;0;-0.02;0.0;2
20141115062400;0;0.0;0.0;2
20141115062500;0;0.0;0.0;2
20141115062600;0;0.0;0.0;2
20141115062700;0;0.0;0.0;2
20141115062800;0;-0.02;0.0;2
20141115062900;0;0.0;0.0;2
20141115063000;0;0.0;0.0;2
20141115063100;0;-0.02;0.0;2
20141115063200;0;0.0;0.0;2
20141115063300;0;0.0;0.0;2
20141115063400;0;0.0;0.0;2
20141115063500;0;0.0;0.0;2
20141115063600;0;0.0;0.0;2
20141115063700;0;-0.02;0.0;2
20141115063800;0;-0.02;0.0;2
20141115063900;0;0.0;0.0;2
20141115064000;0;0.0;0.0;2
20141115064100;0;0.0;0.0;2
20141115064200;0;0.0;0.0;2
20141115064300;0;0.0;0.0;2
20141115064400;0;0.0;0.0;2
20141115064500;0;0.0;0.0;2
20141115064600;0;0.0;0.0;2
20141115064700;0;0.0;0.0;2
20141115064800;0;0.0;0.0;2
20141115064900;0;0.0;0.0;2
20141115065000;0;0.0;0.0;2
20141115065100;0;-0.02;0.0;2
20141115065200;0;0.0;0.0;2
20141115065300;0;0.0;0.0;2
20141115065400;0;0.0;0.0;2
20141115065500;0;-0.02;0.08;2
20141115065600;0;0.0;0.0;2
20141115065700;0;0.0;0.0;2
20141115065800;0;0.0;0.0;2
20141115065900;0;0.0;0.0;2
20141116010000;0;0.0;0.08;0
20141116010100;0;0.0;0.0;0
20141116010200;0;0.0;0.0;0
20141116010300;0;0.0;0.0;0
20141116010400;0;0.0;0.0;0
20141116010500;0;0.0;0.0;0
20141116010600;0;0.0;0.0;0
20141116010700;0;0.0;0.0;0
20141116010800;0;0.0;0.0;0
20141116010900;0;0.0;0.0;0
20141116011000;0;0.0;0.0;0
20141116011100;0;0.0;0.0;0
20141116011200;0;0.0;0.0;0
20141116011300;0;0.0;0.0;0
20141116011400;0;0.0;0.0;0
20141116011500;0;0.0;0.0;0
20141116011600;0;0.0;0.0;0
20141116011700;0;0.0;0.0;0
20141116011800;0;0.0;0.0;0
20141116011900;0;0.0;0.0;0
20141115210000;0;0.0;0.0;0
20141115210100;0;-0.02;0.0;0
20141116012000;0;0.0;0.0;0
20141115210200;0;0.0;0.0;0
20141116012100;0;0.0;0.0;0
20141115210300;0;0.0;0.0;0
20141116012200;0;0.0;0.0;0
20141115210400;0;-0.02;0.0;0
20141116012300;0;0.0;0.0;0
20141115210500;0;0.0;0.0;0
20141116012400;0;0.0;0.0;0
20141115210600;0;0.0;0.0;0
20141116012500;0;0.0;0.0;0
20141115210700;0;0.0;0.0;0
20141116012600;0;0.0;0.0;0
20141115210800;0;-0.02;0.0;0
20141116012700;0;0.0;0.0;0
20141115210900;0;-0.02;0.0;0
20141116012800;0;0.0;0.0;0
20141116012900;0;0.0;0.0;0
20141115211000;0;-0.02;0.0;0
20141115211100;0;0.0;0.0;0
20141116013000;0;0.0;0.0;0
20141115211200;0;0.0;0.0;0
20141116013100;0;0.0;0.0;0
20141115211300;0;0.0;0.0;0
20141116013200;0;0.0;0.0;0
20141115211400;0;0.0;0.0;0
20141116013300;0;0.0;0.0;0
20141115211500;0;-0.02;0.0;0
20141116013400;0;0.0;0.0;0
20141115211600;0;-0.02;0.0;0
20141116013500;0;0.0;0.0;0
20141115211700;0;-0.02;0.0;0
20141116013600;0;0.0;0.0;0
20141115211800;0;0.0;0.0;0
20141116013700;0;0.0;0.0;0
20141115211900;0;-0.02;0.0;0
20141116013800;0;0.0;0.0;0
20141116013900;0;0.0;0.0;0
20141115212000;0;-0.02;0.0;0
20141115212100;0;0.0;0.0;0
20141116014000;0;0.0;0.0;0
20141115212200;0;-0.02;0.0;0
20141116014100;0;0.0;0.0;0
20141115212300;0;0.0;0.0;0
20141116014200;0;0.0;0.0;0
20141115212400;0;0.0;0.0;0
20141116014300;0;0.0;0.0;0
20141115212500;0;0.0;0.0;0
20141116014400;0;0.0;0.0;0
20141115212600;0;0.0;0.0;0
20141116014500;0;0.0;0.0;0
20141115212700;0;0.0;0.0;0
20141116014600;0;0.0;0.0;0
20141115212800;0;-0.02;0.0;0
20141116014700;0;0.0;0.0;0
20141115212900;0;0.0;0.0;0
20141116014800;0;0.0;0.0;0
20141116014900;0;0.0;0.0;0
20141115213000;0;0.0;0.0;0
20141115213100;0;-0.02;0.0;0
20141116015000;0;0.0;0.0;0
20141115213200;0;-0.02;0.0;0
20141116015100;0;0.0;0.0;0
20141115213300;0;-0.02;0.0;0
20141116015200;0;0.0;0.0;0
20141115213400;0;0.0;0.0;0
20141116015300;0;0.0;0.0;0
20141115213500;0;0.0;0.0;0
20141116015400;0;0.0;0.0;0
20141115213600;0;-0.02;0.0;0
20141116015500;0;0.0;0.0;0
20141115213700;0;-0.02;0.0;0
20141116015600;0;0.0;0.0;0
20141115213800;0;-0.02;0.0;0
20141116015700;0;0.0;0.0;0
20141115213900;0;0.0;0.0;0
20141116015800;0;0.0;0.0;0
20141116015900;0;0.0;0.0;0
20141115214000;0;-0.02;0.0;0
20141115214100;0;-0.02;0.0;0
20141115214200;0;0.0;0.0;0
20141115214300;0;0.0;0.0;0
20141115214400;0;0.0;0.0;0
20141115214500;0;0.0;0.0;0
20141115214600;0;-0.02;0.0;0
20141115214700;0;0.0;0.0;0
20141115214800;0;-0.02;0.0;0
20141115214900;0;0.0;0.0;0
20141115215000;0;-0.02;0.0;0
20141115215100;0;0.0;0.0;0
20141115215200;0;0.0;0.0;0
20141115215300;0;0.0;0.0;0
20141115215400;0;-0.02;0.0;0
20141115215500;0;-0.02;0.0;0
20141115215600;0;-0.02;0.0;0
20141115215700;0;-0.02;0.0;0
20141115215800;0;-0.02;0.0;0
20141115215900;0;-0.02;0.0;0
20141115070000;0;0.0;0.0;2
20141115070100;0;0.0;0.0;2
20141115070200;0;0.0;0.0;2
20141115070300;0;0.0;0.0;2
20141115070400;0;-0.02;0.0;2
20141115070500;0;0.0;0.0;2
20141115070600;0;0.0;0.0;2
20141115070700;0;0.0;0.0;2
20141115070800;0;-0.02;0.0;2
20141115070900;0;0.0;0.0;2
20141115071000;0;0.0;0.0;2
20141115071100;0;-0.02;0.0;2
20141115071200;0;0.0;0.0;2
20141115071300;0;0.0;0.0;2
20141115071400;0;0.0;0.0;2
20141115071500;0;0.0;0.0;2
20141115071600;0;0.0;0.0;2
20141115071700;0;-0.02;0.0;2
20141115071800;0;0.0;0.0;2
20141115071900;0;0.0;0.0;2
20141115072000;0;0.0;0.0;2
20141115072100;0;0.0;0.0;2
20141115072200;0;0.0;0.0;2
20141115072300;0;0.0;0.0;2
20141115072400;0;0.0;0.0;2
20141115072500;0;0.0;0.0;2
20141115072600;0;0.0;0.0;2
20141115072700;0;-0.02;0.0;2
20141115072800;0;0.0;0.0;2
20141115072900;0;0.0;0.0;2
20141115073000;0;0.0;0.0;2
20141115073100;0;0.0;0.0;2
20141115073200;0;0.0;0.0;2
20141115073300;0;0.0;0.0;2
20141115073400;0;0.0;0.0;2
20141115073500;0;0.0;0.0;2
20141115073600;0;0.0;0.0;2
20141115073700;0;0.0;0.0;2
20141115073800;0;0.0;0.0;2
20141115073900;0;0.0;0.0;2
20141115074000;0;0.0;0.0;2
20141115074100;0;0.0;0.08;2
20141115074200;0;0.0;0.08;2
20141115074300;0;-0.02;0.08;2
20141115074400;0;0.0;0.08;2
20141115074500;0;0.0;0.08;2
20141115074600;0;0.0;0.08;2
20141115074700;0;-0.02;0.16;2
20141115074800;0;0.0;0.16;2
20141115074900;0;-0.02;0.16;2
20141115075000;0;0.0;0.16;2
20141115075100;0;-0.02;0.24;2
20141115075200;0;0.0;0.24;2
20141115075300;0;0.0;0.33;2
20141115075400;0;0.0;0.33;2
20141115075500;0;0.0;0.41;2
20141115075600;0;0.0;0.41;2
20141115075700;0;0.0;0.33;2
20141115075800;0;0.0;0.57;2
20141115075900;0;0.0;0.65;2
20141116020000;0;0.0;0.0;0
20141116020100;0;0.0;0.0;0
20141116020200;0;0.0;0.0;0
20141116020300;0;0.0;0.0;0
20141116020400;0;0.0;0.0;0
20141116020500;0;0.0;0.0;0
20141116020600;0;0.0;0.0;0
20141116020700;0;0.0;0.0;0
20141116020800;0;0.0;0.0;0
20141116020900;0;0.0;0.0;0
20141116021000;0;0.0;0.0;0
20141116021100;0;0.0;0.0;0
20141116021200;0;0.0;0.0;0
20141116021300;0;0.0;0.0;0
20141116021400;0;0.0;0.0;0
20141116021500;0;0.0;0.0;0
20141116021600;0;0.0;0.0;0
20141116021700;0;0.0;0.0;0
20141116021800;0;0.0;0.0;0
20141116021900;0;0.0;0.0;0
20141115220000;0;0.0;0.0;0
20141116022000;0;0.0;0.0;0
20141115220100;0;-0.02;0.0;0
20141116022100;0;0.0;0.0;0
20141115220200;0;0.0;0.0;0
20141116022200;0;0.0;0.0;0
20141115220300;0;-0.02;0.0;0
20141116022300;0;0.0;0.0;0
20141115220400;0;-0.02;0.0;0
20141116022400;0;0.0;0.0;0
20141115220500;0;-0.02;0.0;0
20141116022500;0;0.0;0.0;0
20141115220600;0;-0.02;0.0;0
20141116022600;0;0.0;0.0;0
20141115220700;0;-0.02;0.0;0
20141116022700;0;0.0;0.0;0
20141115220800;0;-0.02;0.0;0
20141116022800;0;0.0;0.0;0
20141115220900;0;-0.02;0.0;0
20141116022900;0;0.0;0.0;0
20141115221000;0;-0.02;0.0;0
20141116023000;0;0.0;0.0;0
20141115221100;0;-0.02;0.0;0
20141116023100;0;0.0;0.0;0
20141115221200;0;-0.02;0.0;0
20141116023200;0;0.0;0.0;0
20141115221300;0;-0.02;0.0;0
20141116023300;0;0.0;0.0;0
20141115221400;0;-0.02;0.0;0
20141116023400;0;0.0;0.0;0
20141115221500;0;-0.02;0.0;0
20141116023500;0;0.0;0.0;0
20141115221600;0;-0.02;0.0;0
20141116023600;0;0.0;0.0;0
20141115221700;0;-0.02;0.0;0
20141116023700;0;0.0;0.0;0
20141115221800;0;-0.02;0.0;0
20141116023800;0;0.0;0.0;0
20141115221900;0;-0.02;0.0;0
20141116023900;0;0.0;0.0;0
20141115222000;0;0.0;0.0;0
20141116024000;0;0.0;0.0;0
20141115222100;0;0.0;0.0;0
20141116024100;0;0.0;0.0;0
20141115222200;0;-0.02;0.0;0
20141116024200;0;0.0;0.0;0
20141115222300;0;-0.02;0.0;0
20141116024300;0;0.0;0.0;0
20141115222400;0;0.0;0.0;0
20141116024400;0;0.0;0.0;0
20141115222500;0;-0.02;0.0;0
20141116024500;0;0.0;0.0;0
20141115222600;0;0.0;0.0;0
20141116024600;0;0.0;0.0;0
20141115222700;0;-0.02;0.0;0
20141116024700;0;0.0;0.0;0
20141115222800;0;-0.02;0.0;0
20141116024800;0;0.0;0.0;0
20141115222900;0;-0.02;0.0;0
20141116024900;0;0.0;0.0;0
20141115223000;0;-0.02;0.0;0
20141116025000;0;0.0;0.0;0
20141115223100;0;-0.02;0.0;0
20141116025100;0;0.0;0.0;0
20141115223200;0;0.0;0.0;0
20141116025200;0;0.0;0.0;0
20141115223300;0;-0.02;0.0;0
20141116025300;0;0.0;0.0;0
20141115223400;0;-0.02;0.0;0
20141116025400;0;0.0;0.0;0
20141115223500;0;-0.02;0.0;0
20141116025500;0;0.0;0.0;0
20141115223600;0;-0.02;0.0;0
20141116025600;0;0.0;0.0;0
20141115223700;0;0.0;0.0;0
20141116025700;0;0.0;0.0;0
20141115223800;0;-0.02;0.0;0
20141116025800;0;0.0;0.0;0
20141115223900;0;-0.02;0.0;0
20141116025900;0;0.0;0.0;0
20141115224000;0;-0.02;0.0;0
20141115224100;0;-0.02;0.0;0
20141115224200;0;-0.02;0.0;0
20141115224300;0;0.0;0.0;0
20141115224400;0;0.0;0.0;0
20141115224500;0;-0.02;0.0;0
20141115224600;0;-0.02;0.0;0
20141115224700;0;-0.02;0.0;0
20141115224800;0;-0.02;0.0;0
20141115224900;0;-0.02;0.0;0
20141115225000;0;-0.02;0.0;0
20141115225100;0;0.0;0.0;0
20141115225200;0;0.0;0.0;0
20141115225300;0;-0.02;0.0;0
20141115225400;0;-0.02;0.0;0
20141115225500;0;-0.02;0.0;0
20141115225600;0;-0.02;0.0;0
20141115225700;0;-0.02;0.0;0
20141115225800;0;0.0;0.0;0
20141115225900;0;0.0;0.0;0
20141115080000;0;0.0;0.73;2
20141115080100;0;0.0;0.81;2
20141115080200;0;-0.02;0.98;2
20141115080300;0;-0.02;1.06;2
20141115080400;0;0.0;1.22;2
20141115080500;0;0.0;1.39;2
20141115080600;0;0.0;1.55;2
20141115080700;0;0.0;1.71;2
20141115080800;0;0.0;1.87;2
20141115080900;0;-0.02;1.96;2
20141115081000;0;0.0;1.96;2
20141115081100;0;0.0;2.04;2
20141115081200;0;0.0;2.04;2
20141115081300;0;0.0;1.96;2
20141115081400;0;0.0;1.96;2
20141115081500;0;-0.02;1.96;2
20141115081600;0;0.0;2.04;2
20141115081700;0;-0.02;2.12;2
20141115081800;0;0.0;2.12;2
20141115081900;0;0.0;2.2;2
20141115082000;0;0.0;2.28;2
20141115082100;0;0.0;2.28;2
20141115082200;0;0.0;2.44;2
20141115082300;0;-0.02;2.53;2
20141115082400;0;0.0;2.61;2
20141115082500;0;0.0;2.69;2
20141115082600;0;0.0;2.77;2
20141115082700;0;-0.02;2.85;2
20141115082800;0;0.0;2.93;2
20141115082900;0;0.0;3.01;2
20141115083000;0;0.0;3.18;2
20141115083100;0;0.0;3.42;2
20141115083200;0;0.0;3.5;2
20141115083300;0;0.0;3.67;2
20141115083400;0;-0.02;3.83;2
20141115083500;0;0.0;3.99;2
20141115083600;0;0.0;4.16;2
20141115083700;0;0.0;4.32;2
20141115083800;0;-0.02;4.56;2
20141115083900;0;-0.02;4.73;2
20141115084000;0;0.0;4.89;2
20141115084100;0;0.0;5.05;2
20141115084200;0;0.0;5.21;2
20141115084300;0;-0.02;5.3;2
20141115084400;0;-0.02;5.46;2
20141115084500;0;0.0;5.54;2
20141115084600;0;0.0;5.7;2
20141115084700;0;0.0;5.95;2
20141115084800;0;0.0;6.11;2
20141115084900;0;0.0;6.27;2
20141115085000;0;0.0;6.52;2
20141115085100;0;0.0;6.76;2
20141115085200;0;0.0;6.93;2
20141115085300;0;0.02;7.17;2
20141115085400;0;0.02;7.41;2
20141115085500;0;0.02;7.58;2
20141115085600;0;0.02;7.82;2
20141115085700;0;0.02;8.07;1
20141115085800;0;0.03;8.23;1
20141115085900;0;0.03;8.47;1
20141116030000;0;0.0;0.0;0
20141116030100;0;0.0;0.0;0
20141116030200;0;0.0;0.0;0
20141116030300;0;-0.02;0.0;0
20141116030400;0;0.0;0.0;0
20141116030500;0;0.0;0.0;0
20141116030600;0;0.0;0.0;0
20141116030700;0;0.0;0.0;0
20141116030800;0;0.0;0.0;0
20141116030900;0;0.0;0.0;0
20141116031000;0;0.0;0.0;0
20141116031100;0;0.0;0.0;0
20141116031200;0;0.0;0.0;0
20141116031300;0;0.0;0.0;0
20141116031400;0;0.0;0.0;0
20141116031500;0;0.0;0.0;0
20141116031600;0;0.0;0.0;0
20141116031700;0;0.0;0.0;0
20141116031800;0;0.0;0.0;0
20141116031900;0;0.0;0.0;0
20141115230000;0;-0.02;0.0;0
20141116032000;0;0.0;0.0;0
20141115230100;0;0.0;0.0;0
20141116032100;0;0.0;0.0;0
20141115230200;0;-0.02;0.0;0
20141116032200;0;0.0;0.0;0
20141115230300;0;-0.02;0.0;0
20141116032300;0;0.0;0.0;0
20141115230400;0;0.0;0.0;0
20141116032400;0;0.0;0.0;0
20141115230500;0;0.0;0.0;0
20141116032500;0;0.0;0.0;0
20141115230600;0;-0.02;0.0;0
20141116032600;0;0.0;0.0;0
20141115230700;0;0.0;0.0;0
20141116032700;0;0.0;0.0;0
20141115230800;0;-0.02;0.0;0
20141116032800;0;0.0;0.0;0
20141115230900;0;0.0;0.0;0
20141116032900;0;0.0;0.0;0
20141115231000;0;0.0;0.0;0
20141116033000;0;0.0;0.0;0
20141115231100;0;0.0;0.0;0
20141116033100;0;0.0;0.0;0
20141115231200;0;0.0;0.0;0
20141116033200;0;0.0;0.0;0
20141115231300;0;-0.02;0.0;0
20141116033300;0;0.0;0.0;0
20141115231400;0;0.0;0.0;0
20141116033400;0;0.0;0.0;0
20141115231500;0;0.0;0.0;0
20141116033500;0;0.0;0.0;0
20141115231600;0;-0.02;0.0;0
20141116033600;0;0.0;0.0;0
20141115231700;0;0.0;0.0;0
20141116033700;0;0.0;0.0;0
20141115231800;0;0.0;0.0;0
20141116033800;0;0.0;0.0;0
20141115231900;0;-0.02;0.0;0
20141116033900;0;0.0;0.0;0
20141115232000;0;0.0;0.0;0
20141116034000;0;0.0;0.0;0
20141115232100;0;0.0;0.0;0
20141116034100;0;0.0;0.0;0
20141115232200;0;-0.02;0.0;0
20141116034200;0;0.0;0.0;0
20141115232300;0;0.0;0.0;0
20141116034300;0;0.0;0.0;0
20141115232400;0;-0.02;0.0;0
20141116034400;0;0.0;0.0;0
20141115232500;0;-0.02;0.0;0
20141116034500;0;0.0;0.0;0
20141115232600;0;-0.02;0.0;0
20141116034600;0;0.0;0.0;0
20141115232700;0;-0.02;0.0;0
20141116034700;0;0.0;0.0;0
20141115232800;0;0.0;0.0;0
20141116034800;0;0.0;0.0;0
20141115232900;0;-0.02;0.0;0
20141116034900;0;0.0;0.0;0
20141115233000;0;-0.02;0.0;0
20141116035000;0;0.0;0.0;0
20141115233100;0;0.0;0.0;0
20141116035100;0;0.0;0.0;0
20141115233200;0;-0.02;0.0;0
20141116035200;0;0.0;0.0;0
20141115233300;0;0.0;0.16;0
20141116035300;0;0.0;0.0;0
20141115233400;0;0.0;0.0;0
20141116035400;0;0.0;0.0;0
20141115233500;0;-0.02;0.0;0
20141116035500;0;0.0;0.0;0
20141115233600;0;0.0;0.0;0
20141116035600;0;0.0;0.0;0
20141115233700;0;0.0;0.0;0
20141116035700;0;0.0;0.0;0
20141115233800;0;0.0;0.0;0
20141116035800;0;0.0;0.0;0
20141115233900;0;0.0;0.0;0
20141116035900;0;0.0;0.0;0
20141115234000;0;-0.02;0.0;0
20141115234100;0;0.0;0.0;0
20141115234200;0;-0.02;0.0;0
20141115234300;0;0.0;0.0;0
20141115234400;0;0.0;0.0;0
20141115234500;0;0.0;0.0;0
20141115234600;0;0.0;0.16;0
20141115234700;0;0.0;0.0;0
20141115234800;0;0.0;0.08;0
20141115234900;0;-0.02;0.0;0
20141115235000;0;0.0;0.0;0
20141115235100;0;0.0;0.08;0
20141115235200;0;0.0;0.0;0
20141115235300;0;-0.02;0.0;0
20141115235400;0;0.0;0.0;0
20141115235500;0;0.0;0.0;0
20141115235600;0;0.0;0.0;0
20141115235700;0;0.0;0.0;0
20141115235800;0;0.0;0.0;0
20141115235900;0;0.0;0.0;0
20141115090000;0;0.03;8.64;1
20141115090100;0;0.03;8.72;1
20141115090200;0;0.03;8.8;1
20141115090300;0;0.05;8.96;1
20141115090400;0;0.05;9.04;1
20141115090500;0;0.05;9.29;1
20141115090600;0;0.06;9.53;1
20141115090700;0;0.06;9.86;1
20141115090800;0;0.06;10.18;1
20141115090900;0;0.08;10.35;1
20141115091000;0;0.06;10.59;1
20141115091100;1;0.1;10.84;1
20141115091200;1;0.1;11.08;1
20141115091300;1;0.11;11.08;1
20141115091400;1;0.1;11.41;1
20141115091500;1;0.13;11.65;1
20141115091600;1;0.13;11.89;1
20141115091700;1;0.14;12.14;1
20141115091800;1;0.14;12.38;1
20141115091900;1;0.13;12.55;1
20141115092000;2;0.16;12.71;1
20141115092100;4;0.16;25.26;0
20141115092200;3;0.14;25.26;0
20141115092300;3;0.14;25.34;0
20141115092400;3;0.14;25.42;0
20141115092500;3;0.14;25.66;0
20141115092600;4;0.18;25.83;0
20141115092700;3;0.14;26.07;0
20141115092800;4;0.18;26.48;0
20141115092900;4;0.18;26.8;0
20141115093000;5;0.21;27.13;0
20141115093100;4;0.18;27.46;0
20141115093200;5;0.19;27.62;0
20141115093300;5;0.19;27.62;0
20141115093400;5;0.19;27.94;0
20141115093500;5;0.21;27.7;0
20141115093600;5;0.21;28.6;0
20141115093700;5;0.21;28.76;0
20141115093800;6;0.22;29.17;0
20141115093900;6;0.21;29.57;0
20141115094000;6;0.22;29.98;0
20141115094100;7;0.24;30.31;0
20141115094200;6;0.22;30.63;0
20141115094300;7;0.24;30.88;0
20141115094400;7;0.24;31.29;0
20141115094500;9;0.29;31.94;0
20141115094600;8;0.27;32.51;0
20141115094700;10;0.3;33.32;0
20141115094800;10;0.3;33.97;0
20141115094900;10;0.3;34.79;0
20141115095000;11;0.34;35.6;0
20141115095100;12;0.35;36.42;0
20141115095200;13;0.37;37.15;0
20141115095300;14;0.38;37.8;0
20141115095400;15;0.4;38.7;0
20141115095500;15;0.4;39.35;0
20141115095600;16;0.42;40.17;0
20141115095700;18;0.45;40.74;0
20141115095800;18;0.45;41.14;0
20141115095900;19;0.46;41.55;0
20141116040000;0;0.0;0.0;0
20141116040100;0;0.0;0.0;0
20141116040200;0;0.0;0.0;0
20141116040300;0;0.0;0.0;0
20141116040400;0;0.0;0.0;0
20141116040500;0;0.0;0.0;0
20141116040600;0;0.0;0.0;0
20141116040700;0;0.0;0.0;0
20141116040800;0;0.0;0.0;0
20141116040900;0;0.0;0.0;0
20141116041000;0;0.0;0.0;0
20141116041100;0;0.0;0.0;0
20141116041200;0;0.0;0.0;0
20141116041300;0;0.0;0.0;0
20141116041400;0;0.0;0.0;0
20141116041500;0;0.0;0.0;0
20141116041600;0;0.0;0.0;0
20141116041700;0;0.0;0.0;0
20141116041800;0;0.0;0.0;0
20141116041900;0;0.0;0.0;0
20141116042000;0;0.0;0.0;0
20141116042100;0;0.0;0.0;0
20141116042200;0;0.0;0.0;0
20141116042300;0;0.0;0.0;0
20141116042400;0;0.0;0.0;0
20141116042500;0;0.0;0.0;0
20141116042600;0;0.0;0.0;0
20141116042700;0;0.0;0.0;0
20141116042800;0;0.0;0.0;0
20141116042900;0;0.0;0.0;0
20141116043000;0;0.0;0.0;0
20141116043100;0;0.0;0.0;0
20141116043200;0;0.0;0.0;0
20141116043300;0;0.0;0.0;0
20141116043400;0;0.0;0.0;0
20141116043500;0;0.0;0.0;0
20141116043600;0;0.0;0.0;0
20141116043700;0;0.0;0.0;0
20141116043800;0;0.0;0.0;0
20141116043900;0;0.0;0.0;0
20141116044000;0;0.0;0.0;0
20141116044100;0;0.0;0.0;0
20141116044200;0;0.0;0.0;0
20141116044300;0;0.0;0.0;0
20141116044400;0;0.0;0.0;0
20141116044500;0;0.0;0.0;0
20141116044600;0;0.0;0.0;0
20141116044700;0;0.0;0.0;0
20141116044800;0;0.0;0.0;0
20141116044900;0;0.0;0.0;0
20141116045000;0;-0.02;0.0;0
20141116045100;0;0.0;0.0;0
20141116045200;0;0.0;0.0;0
20141116045300;0;0.0;0.0;0
20141116045400;0;0.0;0.0;0
20141116045500;0;0.0;0.0;0
20141116045600;0;0.0;0.0;0
20141116045700;0;0.0;0.0;0
20141116045800;0;0.0;0.0;0
20141116045900;0;0.0;0.0;0
20141116050000;0;0.0;0.0;0
20141116050100;0;0.0;0.0;0
20141116050200;0;0.0;0.0;0
20141116050300;0;0.0;0.0;0
20141116050400;0;0.0;0.0;0
20141116050500;0;0.0;0.0;0
20141116050600;0;0.0;0.0;0
20141116050700;0;0.0;0.0;0
20141116050800;0;0.0;0.0;0
20141116050900;0;0.0;0.0;0
20141116051000;0;0.0;0.0;0
20141116051100;0;0.0;0.0;0
20141116051200;0;0.0;0.0;0
20141116051300;0;0.0;0.0;0
20141116051400;0;0.0;0.0;0
20141116051500;0;0.0;0.0;0
20141116051600;0;0.0;0.0;0
20141116051700;0;0.0;0.0;0
20141116051800;0;0.0;0.0;0
20141116051900;0;0.0;0.0;0
20141116052000;0;0.0;0.0;0
20141116052100;0;0.0;0.0;0
20141116052200;0;0.0;0.0;0
20141116052300;0;0.0;0.0;0
20141116052400;0;0.0;0.0;0
20141116052500;0;0.0;0.0;0
20141116052600;0;0.0;0.0;0
20141116052700;0;0.0;0.0;0
20141116052800;0;0.0;0.0;0
20141116052900;0;0.0;0.0;0
20141116053000;0;0.0;0.0;0
20141116053100;0;0.0;0.0;0
20141116053200;0;0.0;0.0;0
20141116053300;0;0.0;0.0;0
20141116053400;0;0.0;0.0;0
20141116053500;0;0.0;0.0;0
20141116053600;0;0.0;0.0;0
20141116053700;0;0.0;0.0;0
20141116053800;0;0.0;0.0;0
20141116053900;0;0.0;0.0;0
20141116054000;0;0.0;0.0;0
20141116054100;0;0.0;0.0;0
20141116054200;0;0.0;0.0;0
20141116054300;0;0.0;0.0;0
20141116054400;0;0.0;0.0;0
20141116054500;0;0.0;0.0;0
20141116054600;0;0.0;0.0;0
20141116054700;0;0.0;0.0;0
20141116054800;0;0.0;0.0;0
20141116054900;0;0.0;0.0;0
20141116055000;0;0.0;0.0;0
20141116055100;0;0.0;0.0;0
20141116055200;0;0.0;0.0;0
20141116055300;0;0.0;0.0;0
20141116055400;0;0.0;0.0;0
20141116055500;0;0.0;0.0;0
20141116055600;0;0.0;0.0;0
20141116055700;0;0.0;0.0;0
20141116055800;0;0.0;0.0;0
20141116055900;0;0.0;0.0;0
20141116060000;0;0.0;0.0;0
20141116060100;0;0.0;0.0;0
20141116060200;0;0.0;0.0;0
20141116060300;0;0.0;0.0;0
20141116060400;0;0.0;0.0;0
20141116060500;0;0.0;0.0;0
20141116060600;0;0.0;0.0;0
20141116060700;0;0.0;0.0;0
20141116060800;0;0.0;0.0;0
20141116060900;0;-0.02;0.0;0
20141116061000;0;0.0;0.0;0
20141116061100;0;0.0;0.0;0
20141116061200;0;0.0;0.0;0
20141116061300;0;0.0;0.0;0
20141116061400;0;0.0;0.0;0
20141116061500;0;0.0;0.0;0
20141116061600;0;0.0;0.0;0
20141116061700;0;0.0;0.0;0
20141116061800;0;0.0;0.0;0
20141116061900;0;0.0;0.0;0
20141116062000;0;0.0;0.0;0
20141116062100;0;0.0;0.0;0
20141116062200;0;0.0;0.0;0
20141116062300;0;0.0;0.0;0
20141116062400;0;0.0;0.0;0
20141116062500;0;0.0;0.0;0
20141116062600;0;0.0;0.0;0
20141116062700;0;0.0;0.0;0
20141116062800;0;0.0;0.0;0
20141116062900;0;0.0;0.0;0
20141116063000;0;0.0;0.0;0
20141116063100;0;0.0;0.0;0
20141116063200;0;0.0;0.0;0
20141116063300;0;0.0;0.0;0
20141116063400;0;0.0;0.0;0
20141116063500;0;0.0;0.0;0
20141116063600;0;0.0;0.0;0
20141116063700;0;0.0;0.0;0
20141116063800;0;0.0;0.0;0
20141116063900;0;0.0;0.0;0
20141116064000;0;0.0;0.0;0
20141116064100;0;0.0;0.0;0
20141116064200;0;0.0;0.0;0
20141116064300;0;0.0;0.0;0
20141116064400;0;0.0;0.0;0
20141116064500;0;0.0;0.0;0
20141116064600;0;0.0;0.0;0
20141116064700;0;0.0;0.0;0
20141116064800;0;0.0;0.0;0
20141116064900;0;0.02;0.0;0
20141116065000;0;0.0;0.0;0
20141116065100;0;0.0;0.0;0
20141116065200;0;0.0;0.0;0
20141116065300;0;0.0;0.0;0
20141116065400;0;0.0;0.0;0
20141116065500;0;0.0;0.0;0
20141116065600;0;0.0;0.0;0
20141116065700;0;0.0;0.0;0
20141116065800;0;0.0;0.0;0
20141116065900;0;0.0;0.0;0
20141116070000;0;0.0;0.0;0
20141116070100;0;0.0;0.0;0
20141116070200;0;0.0;0.0;0
20141116070300;0;0.0;0.0;0
20141116070400;0;0.0;0.0;0
20141116070500;0;0.0;0.0;0
20141116070600;0;0.0;0.0;0
20141116070700;0;0.0;0.0;0
20141116070800;0;0.0;0.0;0
20141116070900;0;0.0;0.0;0
20141116071000;0;0.0;0.0;0
20141116071100;0;0.0;0.0;0
20141116071200;0;0.0;0.0;0
20141116071300;0;0.02;0.0;0
20141116071400;0;0.0;0.0;0
20141116071500;0;0.0;0.0;0
20141116071600;0;0.0;0.0;0
20141116071700;0;0.0;0.0;0
20141116071800;0;0.0;0.0;0
20141116071900;0;0.0;0.0;0
20141116072000;0;0.0;0.0;0
20141116072100;0;0.0;0.0;0
20141116072200;0;0.0;0.0;0
20141116072300;0;0.0;0.0;0
20141116072400;0;0.0;0.0;0
20141116072500;0;0.0;0.0;0
20141116072600;0;0.0;0.0;0
20141116072700;0;0.0;0.0;0
20141116072800;0;0.0;0.0;0
20141116072900;0;0.0;0.0;0
20141116073000;0;0.0;0.0;0
20141116073100;0;0.0;0.0;0
20141116073200;0;0.0;0.0;0
20141116073300;0;0.0;0.0;0
20141116073400;0;0.0;0.0;0
20141116073500;0;0.0;0.0;0
20141116073600;0;0.0;0.08;0
20141116073700;0;0.0;0.0;0
20141116073800;0;0.0;0.0;0
20141116073900;0;0.0;0.0;0
20141116074000;0;0.0;0.08;0
20141116074100;0;0.0;0.08;0
20141116074200;0;0.0;0.08;0
20141116074300;0;0.0;0.08;0
20141116074400;0;0.0;0.08;0
20141116074500;0;0.0;0.16;0
20141116074600;0;0.0;0.24;0
20141116074700;0;0.0;0.24;0
20141116074800;0;-0.02;0.33;0
20141116074900;0;0.0;0.33;0
20141116075000;0;0.0;0.41;0
20141116075100;0;0.0;0.49;0
20141116075200;0;0.0;0.57;0
20141116075300;0;-0.03;0.65;0
20141116075400;0;0.0;0.73;0
20141116075500;0;0.0;0.81;0
20141116075600;0;-0.03;0.9;0
20141116075700;0;0.0;0.98;0
20141116075800;0;0.0;1.22;0
20141116075900;0;0.0;1.3;0
